brand_slug,slug,name
qingling,taga,Taga
qingling,taga_h,Taga H
knewstar,001,001
jetta,va3,VA3
jetta,va7,VA7
jetta,vs5,VS5
jetta,vs7,VS7
jetta,vs8,VS8
qoros,3,3
qoros,5,5
kama-atom,atom,Атом
datsun,cross,Cross
datsun,go,Go
datsun,mi-do,mi-Do
datsun,on-do,on-DO
mclaren,520s,520S
mclaren,540c,540C
mclaren,570gt,570GT
mclaren,570s,570S
mclaren,720s,720S
mclaren,750s,750S
mclaren,artura,Artura
mclaren,gt,GT
mclaren,p1,P1
mclaren,w1,W1
esteo,exlantix_es,Exlantix ES
esteo,exlantix_et,Exlantix ET
esteo,exlantix_et8,Exlantix ET8
esteo,mx,MX
esteo,v27,V27
nio,ec6,EC6
nio,ec7,EC7
nio,el7,EL7
nio,es6,ES6
nio,es7,ES7
nio,es8,ES8
nio,et5,ET5
nio,et7,ET7
nio,et9,ET9
nio,firefly,Firefly
mercedes-benz,190,190
mercedes-benz,a-class,A-Class
mercedes-benz,amg_gt,AMG GT
mercedes-benz,amg_one,AMG One
mercedes-benz,b-class,B-Class
mercedes-benz,c-class,C-Class
mercedes-benz,citan,Citan
mercedes-benz,cl-class,CL-Class
mercedes-benz,cla-class,CLA-Class
mercedes-benz,clc-class,CLC-Class
mercedes-benz,cle-class,CLE-Class
mercedes-benz,clk-class,CLK-Class
mercedes-benz,cls-class,CLS-Class
mercedes-benz,e-class,E-Class
mercedes-benz,eqa,EQA
mercedes-benz,eqb,EQB
mercedes-benz,eqc,EQC
mercedes-benz,eqe,EQE
mercedes-benz,eqe_suv,EQE SUV
mercedes-benz,eqs,EQS
mercedes-benz,eqs_suv,EQS SUV
mercedes-benz,eqv,EQV
mercedes-benz,g-class,G-Class
mercedes-benz,gl-class,GL-Class
mercedes-benz,gla-class,GLA-Class
mercedes-benz,glb,GLB-Class
mercedes-benz,glc_coupe,GLC Coupe
mercedes-benz,glc_eq,GLC EQ
mercedes-benz,glc-class,GLC-Class
mercedes-benz,gle_coupe,GLE Coupe
mercedes-benz,gle-class,GLE-Class
mercedes-benz,glk-class,GLK-Class
mercedes-benz,gls-class,GLS-Class
mercedes-benz,m-class,M-Class
mercedes-benz,metris,Metris
mercedes-benz,r-class,R-Class
mercedes-benz,s-class,S-Class
mercedes-benz,sl-class,SL-Class
mercedes-benz,slc-class,SLC-Class
mercedes-benz,slk-class,SLK-Class
mercedes-benz,slr_mclaren,SLR McLaren
mercedes-benz,sls_amg,SLS AMG
mercedes-benz,v-class,V-Class
mercedes-benz,vaneo,Vaneo
mercedes-benz,viano,Viano
mercedes-benz,vito,Vito
mercedes-benz,vle,VLE
mercedes-benz,w108,W108
mercedes-benz,w111,W111
mercedes-benz,w114,W114
mercedes-benz,w115,W115
mercedes-benz,w120,W120
mercedes-benz,w121,W121
mercedes-benz,w123,W123
mercedes-benz,w128,W128
mercedes-benz,w136,W136
mercedes-benz,w142,W142
mercedes-benz,w143,W143
mercedes-benz,w180,W180
mercedes-benz,w187,W187
mercedes-benz,w189,W189
mercedes-benz,w21,W21
mercedes-benz,x-class,X-Class
evolute,i-jet,i-Jet
evolute,i-joy,i-Joy
evolute,i-pro,i-Pro
evolute,i-sky,i-Sky
evolute,i-space,i-Space
evolute,i-van,i-Van
eonyx,m2,M2
amc,marlin,Marlin
doninvest,assol,Ассоль
doninvest,kondor,Кондор
doninvest,orion,Орион
doninvest,orion_m,Орион-М
nordcross,001,001
gaz,12_zim,12 ЗИМ
gaz,gaz-13_chaika,13 Чайка
gaz,gaz-14_chaika,14 Чайка
gaz,18,18
gaz,21_volga,21 Волга
gaz,22_volga,22 Волга
gaz,gaz-2330_tigr,2330 Тигр
gaz,24_volga,24 Волга
gaz,3102_volga,3102 Волга
gaz,31029_volga,31029 Волга
gaz,3105_volga,3105 Волга
gaz,3110_volga,3110 Волга
gaz,31105_volga,31105 Волга
gaz,3111_volga,3111 Волга
gaz,67,67
gaz,69,69
gaz,avrora,Аврора
gaz,volga_siber,Волга Сайбер
gaz,m-72,М-72
gaz,m1,М1
gaz,pobeda,Победа
gaz,sobol_nn,Соболь НН
gaz,trofim,Трофим
audi,50,50
audi,80,80
audi,90,90
audi,100,100
audi,200,200
audi,a1,A1
audi,a2,A2
audi,a3,A3
audi,a4,A4
audi,a4_allroad_quattro,A4 allroad quattro
audi,a5,A5
audi,a5l,A5L
audi,a6,A6
audi,a6_allroad_quattro,A6 allroad quattro
audi,a6_e-tron,A6 e-tron
audi,a7,A7
audi,a8,A8
audi,cabriolet,Cabriolet
audi,coupe-model,Coupe
audi,e-tron,e-tron
audi,e-tron_gt,e-tron GT
audi,e-tron_s,e-tron S
audi,e-tron_sportback,e-tron Sportback
audi,e-tron_sportback_s,e-tron Sportback S
audi,e5_sportback,E5 Sportback
audi,e7x,E7X
audi,nuvolari,Nuvolari
audi,q2,Q2
audi,q2_e-tron,Q2 e-tron
audi,q3,Q3
audi,q3_sportback,Q3 Sportback
audi,q4_e-tron,Q4 e-tron
audi,q4_sportback_e-tron,Q4 Sportback e-tron
audi,q5,Q5
audi,q5_e-tron,Q5 e-tron
audi,q5_sportback,Q5 Sportback
audi,q6,Q6
audi,q6_e-tron,Q6 e-tron
audi,q6_e-tron_sportback,Q6 e-tron Sportback
audi,q7,Q7
audi,q8,Q8
audi,q8_e-tron,Q8 e-tron
audi,q8_sportback_e-tron,Q8 Sportback e-tron
audi,q9,Q9
audi,quattro,Quattro
audi,quattro_sport,Quattro Sport
audi,r8,R8
audi,rs_e-tron_gt,RS e-tron GT
audi,rs_q3,RS Q3
audi,rs_q3_sportback,RS Q3 Sportback
audi,rs_q8,RS Q8
audi,rs2,RS2
audi,rs3,RS3
audi,rs4,RS4
audi,rs5,RS5
audi,rs6,RS6
audi,rs7,RS7
audi,s1,S1
audi,s2,S2
audi,s3,S3
audi,s4,S4
audi,s5,S5
audi,s6,S6
audi,s6_e-tron,S6 e-tron
audi,s7,S7
audi,s8,S8
audi,sq2,SQ2
audi,sq5,SQ5
audi,sq5_sportback,SQ5 Sportback
audi,sq6_e-tron,SQ6 e-tron
audi,sq6_e-tron_sportback,SQ6 e-tron Sportback
audi,sq7,SQ7
audi,sq8,SQ8
audi,sq8_e-tron,SQ8 e-tron
audi,sq8_sportback_e-tron,SQ8 Sportback e-tron
audi,sq9,SQ9
audi,tt,TT
audi,tt_rs,TT RS
audi,tts,TTS
audi,v8,V8
dadi,city_leading,City Leading
dadi,smoothing,Smoothing
ifa,multicar_25,Multicar 25
rolls-royce,20-25,20/25
rolls-royce,corniche,Corniche
rolls-royce,cullinan,Cullinan
rolls-royce,dawn,Dawn
rolls-royce,flying_spur,Flying Spur
rolls-royce,ghost,Ghost
rolls-royce,park_ward,Park Ward
rolls-royce,phantom,Phantom
rolls-royce,silver_cloud,Silver Cloud
rolls-royce,silver_seraph,Silver Seraph
rolls-royce,silver_spirit,Silver Spirit
rolls-royce,silver_spur,Silver Spur
rolls-royce,spectre,Spectre
rolls-royce,wraith,Wraith
peugeot,104,104
peugeot,106,106
peugeot,107,107
peugeot,108,108
peugeot,1007,1007
peugeot,201,201
peugeot,202,202
peugeot,203,203
peugeot,204,204
peugeot,205,205
peugeot,206,206
peugeot,207,207
peugeot,208,208
peugeot,2008,2008
peugeot,207i,207i
peugeot,301,301
peugeot,304,304
peugeot,305,305
peugeot,306,306
peugeot,307,307
peugeot,308,308
peugeot,309,309
peugeot,3008,3008
peugeot,403,403
peugeot,404,404
peugeot,405,405
peugeot,406,406
peugeot,407,407
peugeot,408,408
peugeot,4007,4007
peugeot,4008,4008
peugeot,504,504
peugeot,505,505
peugeot,508,508
peugeot,5008,5008
peugeot,604,604
peugeot,605,605
peugeot,607,607
peugeot,806,806
peugeot,807,807
peugeot,bipper,Bipper
peugeot,expert,Expert
peugeot,hoggar,Hoggar
peugeot,ion,iOn
peugeot,partner,Partner
peugeot,partner_origin,Partner Origin
peugeot,partner_tepee,Partner Tepee
peugeot,rcz,RCZ
peugeot,rifter,Rifter
peugeot,traveller,Traveller
xpeng,g3,G3
xpeng,g6,G6
xpeng,g7,G7
xpeng,g9,G9
xpeng,gx,GX
xpeng,m03,M03
xpeng,p5,P5
xpeng,p7,P7
xpeng,p7plus,P7+
xpeng,x9,X9
lamborghini,aventador,Aventador
lamborghini,countach,Countach
lamborghini,diablo,Diablo
lamborghini,gallardo,Gallardo
lamborghini,huracan,Huracan
lamborghini,lm_002,LM 002
lamborghini,murcielago,Murcielago
lamborghini,revuelto,Revuelto
lamborghini,sian,Sian
lamborghini,temerario,Temerario
lamborghini,urus,Urus
rising_auto,er6,ER6
rising_auto,f7,F7
rising_auto,marvel_r,Marvel R
rising_auto,r7,R7
kavz,3976,3976
kavz,4235,4235
kavz,4238,4238 Аврора
kavz,4270,4270
renault,4,4
renault,4_e_tech,4 E-Tech
renault,11,11
renault,14,14
renault,18,18
renault,19,19
renault,21,21
renault,25,25
renault,5_e_tech,5 E-Tech
renault,alaskan,Alaskan
renault,arkana,Arkana
renault,austral,Austral
renault,avantime,Avantime
renault,captur,Captur
renault,city_k-ze,City K-ZE
renault,clio,Clio
renault,dokker,Dokker
renault,dokker_stepway,Dokker Stepway
renault,duster,Duster
renault,espace,Espace
renault,estafette,Estafette
renault,express,Express
renault,filante,Filante
renault,fluence,Fluence
renault,fluence_ze,Fluence Z.E.
renault,grand_koleos,Grand Koleos
renault,grand_scenic,Grand Scenic
renault,kadjar,Kadjar
renault,kangoo,Kangoo
renault,kangoo_ze,Kangoo Z.E.
renault,kaptur,Kaptur
renault,koleos,Koleos
renault,kwid,KWID
renault,laguna,Laguna
renault,latitude,Latitude
renault,lodgy,Lodgy
renault,logan,Logan
renault,logan_stepway,Logan Stepway
renault,lutecia,Lutecia
renault,megane,Megane
renault,modus,Modus
renault,qm6,QM6
renault,r5,R5
renault,r9,R9
renault,rafale,Rafale
renault,safrane,Safrane
renault,sandero,Sandero
renault,sandero_stepway,Sandero Stepway
renault,scenic,Scenic
renault,scenic_rx4,Scenic RX4
renault,sport_spider,Sport Spider
renault,symbol,Symbol
renault,talisman,Talisman
renault,trafic,Trafic
renault,twingo,Twingo
renault,twizy,Twizy
renault,vel_satis,Vel Satis
renault,wind,Wind
renault,zoe,ZOE
xin_kai,pickup_x3,Pickup X3
xin_kai,sr-v,SR-V X3
xin_kai,suv_x3,SUV X3
chrysler,180,180
chrysler,200,200
chrysler,300,300
chrysler,300_letter_series,300 Letter Series
chrysler,300c,300C
chrysler,300m,300M
chrysler,aspen,Aspen
chrysler,cirrus,Cirrus
chrysler,concorde,Concorde
chrysler,cordoba,Cordoba
chrysler,crossfire,Crossfire
chrysler,fifth_avenue,Fifth Avenue
chrysler,grand_voyager,Grand Voyager
chrysler,imperial,Imperial
chrysler,intrepid,Intrepid
chrysler,le_baron,Le Baron
chrysler,lhs,LHS
chrysler,neon,Neon
chrysler,new_yorker,New Yorker
chrysler,newport,Newport
chrysler,pacifica,Pacifica
chrysler,prowler,Prowler
chrysler,pt_cruiser,PT Cruiser
chrysler,saratoga,Saratoga
chrysler,sebring,Sebring
chrysler,stratus,Stratus
chrysler,town_country,Town and Country
chrysler,vision,Vision
chrysler,voyager,Voyager
chrysler,ypsilon,Ypsilon
van_hool,t8-series,T8-Series
van_hool,t9-series,T9-Series
solaris-agr,hc,HC
solaris-agr,hs,HS
solaris-agr,krs,KRS
solaris-agr,krx,KRX
arcfox,alpha-s,Alpha S
arcfox,alpha-s5,Alpha S5
arcfox,alpha_s6,Alpha S6
arcfox,alpha-t,Alpha T
arcfox,alpha-t1,Alpha T1
arcfox,alpha-t5,Alpha T5
arcfox,alpha-t6,Alpha T6
arcfox,beta_s3,Beta S3
arcfox,beta_t1,Beta T1
arcfox,kaola,Kaola
arcfox,lite,Lite
arcfox,wendao_v9,Wendao V9
hiphi,x,X
hiphi,y,Y
hiphi,z,Z
sitrak,c7h,C7H
erf,e-series,E-Series
erf,ec-series,EC-Series
bogdan,2110,2110
bogdan,2111,2111
bogdan,2310,Богдан 2310
tianma,century,Century
vauxhall,viva,Viva
infiniti,esq,ESQ
infiniti,ex25,EX25
infiniti,ex30d,EX30d
infiniti,ex35,EX35
infiniti,ex37,EX37
infiniti,fx30d,FX30d
infiniti,fx35,FX35
infiniti,fx37,FX37
infiniti,fx45,FX45
infiniti,fx50,FX50
infiniti,g20,G20
infiniti,g25,G25
infiniti,g35,G35
infiniti,g37,G37
infiniti,i30,I30
infiniti,i35,I35
infiniti,j30,J30
infiniti,jx35,JX35
infiniti,m25,M25
infiniti,m30,M30
infiniti,m30d,M30d
infiniti,m35,M35
infiniti,m35_hybrid,M35h
infiniti,m37,M37
infiniti,m45,M45
infiniti,m56,M56
infiniti,q30,Q30
infiniti,q40,Q40
infiniti,q45,Q45
infiniti,q50,Q50
infiniti,q60,Q60
infiniti,q70,Q70
infiniti,qx30,QX30
infiniti,qx4,QX4
infiniti,qx50,QX50
infiniti,qx55,QX55
infiniti,qx56,QX56
infiniti,qx60,QX60
infiniti,qx65,QX65
infiniti,qx70,QX70
infiniti,qx80,QX80
baz,s31a00,S31A00
baz,s31a30,S31A30
baz,s35a10,S35A10
baz,a079,А079
zuk,a06,A06
bajaj,qute,Qute
changfeng,liebao_leopard,Liebao Leopard
toyota,2000gt,2000GT
toyota,4runner,4Runner
toyota,allex,Allex
toyota,allion,Allion
toyota,alphard,Alphard
toyota,altezza,Altezza
toyota,aqua,Aqua
toyota,aristo,Aristo
toyota,aurion,Aurion
toyota,auris,Auris
toyota,avalon,Avalon
toyota,avanza,Avanza
toyota,avensis,Avensis
toyota,avensis_verso,Avensis Verso
toyota,aygo,Aygo
toyota,bb,bB
toyota,belta,Belta
toyota,blade,Blade
toyota,blizzard,Blizzard
toyota,brevis,Brevis
toyota,bz,bZ
toyota,bz_woodland,bZ Woodland
toyota,bz3,bZ3
toyota,bz3x,bZ3X
toyota,bz4x,bZ4X
toyota,bz4x_touring,bZ4X Touring
toyota,bz5,bZ5
toyota,bz7,bZ7
toyota,c_pod,C+pod
toyota,c-hr,C-HR
toyota,c-hr_plus,C-HR+
toyota,caldina,Caldina
toyota,cami,Cami
toyota,camry,Camry
toyota,camry_gracia,Camry Gracia
toyota,camry_prominent,Camry Prominent
toyota,carina,Carina
toyota,carina_e,Carina E
toyota,carina_ed,Carina ED
toyota,carina_ii,Carina II
toyota,cavalier,Cavalier
toyota,celica,Celica
toyota,celsior,Celsior
toyota,century,Century
toyota,chaser,Chaser
toyota,classic,Classic
toyota,comfort,Comfort
toyota,coms,COMS
toyota,copen,Copen
toyota,corolla,Corolla
toyota,corolla_altis,Corolla Altis
toyota,corolla_axio,Corolla Axio
toyota,corolla_ceres,Corolla Ceres
toyota,corolla_cross,Corolla Cross
toyota,corolla_fielder,Corolla Fielder
toyota,corolla_fx,Corolla FX
toyota,corolla_ii,Corolla II
toyota,corolla_im,Corolla iM
toyota,corolla_levin,Corolla Levin
toyota,corolla_rumion,Corolla Rumion
toyota,corolla_runx,Corolla Runx
toyota,corolla_spacio,Corolla Spacio
toyota,corolla_verso,Corolla Verso
toyota,corona,Corona
toyota,corona_exiv,Corona Exiv
toyota,corona_premio,Corona Premio
toyota,corona_sf,Corona SF
toyota,corsa,Corsa
toyota,cressida,Cressida
toyota,cresta,Cresta
toyota,crown,Crown
toyota,crown_kluger,Crown Kluger
toyota,crown_majesta,Crown Majesta
toyota,crown_signia,Crown Signia
toyota,crown_vellfire,Crown Vellfire
toyota,curren,Curren
toyota,cynos,Cynos
toyota,duet,Duet
toyota,echo,Echo
toyota,esquire,Esquire
toyota,estima,Estima
toyota,estima_emina,Estima Emina
toyota,estima_lucida,Estima Lucida
toyota,etios,Etios
toyota,etios_cross,Etios Cross
toyota,fj_cruiser,FJ Cruiser
toyota,fortuner,Fortuner
toyota,frontlander,Frontlander
toyota,funcargo,Funcargo
toyota,gaia,Gaia
toyota,gr_86,GR 86
toyota,gr_corolla,GR Corolla
toyota,gr_yaris,GR Yaris
toyota,granace,GranAce
toyota,grand_hiace,Grand Hiace
toyota,grand_highlander,Grand Highlander
toyota,granvia,Granvia
toyota,gt_86,GT 86
toyota,harrier,Harrier
toyota,hiace,Hiace
toyota,hiace_regius,Hiace Regius
toyota,highlander,Highlander
toyota,hilux_pick_up,Hilux
toyota,hilux_champ,Hilux Champ
toyota,hilux_surf,Hilux Surf
toyota,ipsum,Ipsum
toyota,iq,iQ
toyota,isis,Isis
toyota,ist,ist
toyota,izoa,Izoa
toyota,jpn-taxi,JPN TAXI
toyota,kluger_v,Kluger V
toyota,land_cruiser,Land Cruiser
toyota,land_cruiser_cygnus,Land Cruiser Cygnus
toyota,land_cruiser_fj,Land Cruiser FJ
toyota,land_cruiser_prado,Land Cruiser Prado
toyota,levin,Levin
toyota,lite_ace,Lite Ace
toyota,lite_ace_noah,Lite Ace Noah
toyota,mark_ii,Mark II
toyota,mark_ii_wagon_blit,Mark II Wagon Blit
toyota,mark_ii_wagon_qualis,Mark II Wagon Qualis
toyota,mark_x,Mark X
toyota,mark_x_zio,Mark X Zio
toyota,master_ace_surf,Master Ace Surf
toyota,matrix,Matrix
toyota,mega_cruiser,Mega Cruiser
toyota,mirai,Mirai
toyota,model_f,Model F
toyota,mr-s,MR-S
toyota,mr2,MR2
toyota,nadia,Nadia
toyota,noah,Noah
toyota,opa,Opa
toyota,origin,Origin
toyota,paseo,Paseo
toyota,passo,Passo
toyota,passo_sette,Passo Sette
toyota,picnic,Picnic
toyota,pixis_epoch,Pixis Epoch
toyota,pixis_joy,Pixis Joy
toyota,pixis_mega,Pixis Mega
toyota,pixis_space,Pixis Space
toyota,pixis_van,Pixis Van
toyota,platz,Platz
toyota,porte,Porte
toyota,premio,Premio
toyota,previa,Previa
toyota,prius,Prius
toyota,prius_a,Prius Alpha
toyota,prius_c,Prius C
toyota,prius_phv,Prius PHV
toyota,prius_plus,Prius Plus
toyota,prius_prime,Prius Prime
toyota,prius_v,Prius v
toyota,proace,Proace
toyota,proace_city,Proace City
toyota,proace_verso,Proace Verso
toyota,probox,Probox
toyota,progres,Progres
toyota,pronard,Pronard
toyota,publica,Publica
toyota,ractis,Ractis
toyota,raize,Raize
toyota,raum,Raum
toyota,rav4,RAV4
toyota,regius,Regius
toyota,regius_ace,Regius Ace
toyota,reiz,Reiz
toyota,roomy,Roomy
toyota,rush,Rush
toyota,sai,Sai
toyota,scepter,Scepter
toyota,sd,SD
toyota,sequoia,Sequoia
toyota,sera,Sera
toyota,sf,SF
toyota,sienna,Sienna
toyota,sienta,Sienta
toyota,soarer,Soarer
toyota,solara,Solara
toyota,soluna,Soluna
toyota,spade,Spade
toyota,sparky,Sparky
toyota,sprinter,Sprinter
toyota,sprinter_carib,Sprinter Carib
toyota,sprinter_marino,Sprinter Marino
toyota,sprinter_trueno,Sprinter Trueno
toyota,starlet,Starlet
toyota,succeed,Succeed
toyota,supra,Supra
toyota,t100,T100
toyota,tacoma,Tacoma
toyota,tank,Tank
toyota,tercel,Tercel
toyota,touring_hiace,Touring Hiace
toyota,town_ace,Town Ace
toyota,town_ace_noah,Town Ace Noah
toyota,tundra,Tundra
toyota,urban_cruiser,Urban Cruiser
toyota,vanguard,Vanguard
toyota,vellfire,Vellfire
toyota,veloz,Veloz
toyota,venza,Venza
toyota,verossa,Verossa
toyota,verso,Verso
toyota,verso-s,Verso-S
toyota,vios,Vios
toyota,vista,Vista
toyota,vista_ardeo,Vista Ardeo
toyota,vitz,Vitz
toyota,voltz,Voltz
toyota,voxy,Voxy
toyota,wigo,Wigo
toyota,wildlander,Wildlander
toyota,will_cypha,WiLL Cypha
toyota,will_vi,WiLL Vi
toyota,will_vs,WiLL VS
toyota,windom,Windom
toyota,wish,Wish
toyota,xa,xA
toyota,yaris,Yaris
toyota,yaris_ativ,Yaris Ativ
toyota,yaris_cross,Yaris Cross
toyota,yaris_ia,Yaris iA
toyota,yaris_l,Yaris L
toyota,yaris_verso,Yaris Verso
buick,cascada,Cascada
buick,century,Century
buick,electra_e5,Electra E5
buick,electra_e7,Electra E7
buick,electra_l7,Electra L7
buick,enclave,Enclave
buick,encore,Encore
buick,encore_gx,Encore GX
buick,envision,Envision
buick,envision_plus,Envision Plus
buick,envista,Envista
buick,excelle,Excelle
buick,excelle_gt,Excelle GT
buick,excelle_gx,Excelle GX
buick,excelle_xt,Excelle XT
buick,gl6,GL6
buick,gl8,GL8
buick,gl8_avenir,GL8 Avenir
buick,gl8_century,GL8 Century
buick,gl8_encasa,GL8 Encasa
buick,gl8_es,GL8 ES
buick,gl8_firstland,GL8 Firstland
buick,lacrosse,LaCrosse
buick,lesabre,LeSabre
buick,lucerne,Lucerne
buick,park_avenue,Park Avenue
buick,rainier,Rainier
buick,regal,Regal
buick,rendezvous,Rendezvous
buick,riviera,Riviera
buick,sail,Sail
buick,skylark,Skylark
buick,special,Special
buick,terraza,Terraza
buick,velite_5,Velite 5
buick,velite_6,Velite 6
buick,velite_7,Velite 7
buick,verano,Verano
buick,verano_gs,Verano GS
buick,verano_pro,Verano Pro
leapmotor,a05,A05
leapmotor,a10,A10
leapmotor,b01,B01
leapmotor,b10,B10
leapmotor,c01,C01
leapmotor,c10,C10
leapmotor,c11,C11
leapmotor,c16,C16
leapmotor,d19,D19
leapmotor,d99,D99
leapmotor,lafa_5,Lafa 5
leapmotor,s01,S01
leapmotor,t03,T03
forthing,joyear_s50,Joyear S50
forthing,joyear_x3,Joyear X3
forthing,joyear_x5,Joyear X5
forthing,joyear_x6,Joyear X6
forthing,yacht,M4 Yacht
forthing,forthing_m5,M5
forthing,m7,M7
forthing,s7,S7
forthing,forthing_t5,T5
forthing,forthing_t5_evo,T5 EVO
forthing,thunder,Thunder
forthing,v9,V9
smart,1,#1
smart,3,#3
smart,5,#5
smart,6,#6
smart,city,City
smart,rossblade,Crossblade
smart,forfour,Forfour
smart,fortwo,Fortwo
smart,roadster,Roadster
acura,adx,ADX
acura,cdx,CDX
acura,cl,CL
acura,el,EL
acura,ilx,ILX
acura,integra,Integra
acura,legend,Legend
acura,mdx,MDX
acura,nsx,NSX
acura,rdx,RDX
acura,rl,RL
acura,rlx,RLX
acura,rsx,RSX
acura,slx,SLX
acura,tl,TL
acura,tlx,TLX
acura,tsx,TSX
acura,vigor,Vigor
acura,zdx,ZDX
rox,01,01
rox,adamas,Adamas
aston_martin,ar1,AR1
aston_martin,cygnet,Cygnet
aston_martin,db11,DB11
aston_martin,db12,DB12
aston_martin,db5,DB5
aston_martin,db7,DB7
aston_martin,db9,DB9
aston_martin,dbs,DBS
aston_martin,dbx,DBX
aston_martin,lagonda,Lagonda
aston_martin,one-77,One-77
aston_martin,rapide,Rapide
aston_martin,tickford_capri,Tickford Capri
aston_martin,vanquish,Vanquish
aston_martin,vantage,Vantage
aston_martin,virage,Virage
aston_martin,zagato,Zagato
fso,varszawa,Warszawa
kuayue,f3,F3
guran,2318,2318
camc,hn3250,HN3250
camc,hn3310,HN3310
skm,m7,M7
ac,cobra,Cobra
haima,2,2
haima,3,3
haima,6p,6P
haima,7,7
haima,7x,7X
haima,7x-e,7X-E
haima,8s,8S
haima,aishang_ev,Aishang EV
haima,e3,E3
haima,family,Family
haima,family_f5,Family F5
haima,family_f7,Family F7
haima,freema,Freema
haima,m3,M3
hyundai,accent,Accent
hyundai,atos,Atos
hyundai,avante,Avante
hyundai,azera,Azera
hyundai,bayon,Bayon
hyundai,casper,Casper
hyundai,celesta,Celesta
hyundai,centennial,Centennial
hyundai,coupe-model,Coupe
hyundai,creta,Creta
hyundai,custin,Custin
hyundai,custo,Custo
hyundai,elantra,Elantra
hyundai,elexio,Elexio
hyundai,encino,Encino
hyundai,entourage,Entourage
hyundai,equus,Equus
hyundai,galloper,Galloper
hyundai,genesis,Genesis
hyundai,getz,Getz
hyundai,grace,Grace
hyundai,grand_creta,Grand Creta
hyundai,grand_santa_fe,Grand Santa Fe
hyundai,grandeur,Grandeur
hyundai,h1,H1
hyundai,h100,H100
hyundai,i10,i10
hyundai,i20,i20
hyundai,i20_active,i20 Active
hyundai,i30,i30
hyundai,i40,i40
hyundai,inster,Inster
hyundai,ioniq,Ioniq
hyundai,ioniq_3,Ioniq 3
hyundai,ioniq_5,Ioniq 5
hyundai,ioniq_6,Ioniq 6
hyundai,ioniq_9,Ioniq 9
hyundai,ix25,ix25
hyundai,ix35,ix35
hyundai,ix55,ix55
hyundai,kona,Kona
hyundai,kona_electric,Kona Electric
hyundai,lafesta,Lafesta
hyundai,lantra,Lantra
hyundai,lavita,Lavita
hyundai,matrix,Matrix
hyundai,maxcruze,Maxcruze
hyundai,mistra,Mistra
hyundai,mufasa,Mufasa
hyundai,nexo,Nexo
hyundai,nf,NF
hyundai,palisade,Palisade
hyundai,presto,Presto
hyundai,s_coupe,S Coupe
hyundai,santa_cruz,Santa Cruz
hyundai,santa_fe,Santa Fe
hyundai,santa_fe_classic,Santa Fe Classic
hyundai,solaris,Solaris
hyundai,sonata,Sonata
hyundai,starex,Starex
hyundai,stargazer,Stargazer
hyundai,staria,Staria
hyundai,terracan,Terracan
hyundai,tiburon,Tiburon
hyundai,trajet,Trajet
hyundai,tucson,Tucson
hyundai,tuscani,Tuscani
hyundai,veloster,Veloster
hyundai,venue,Venue
hyundai,veracruz,Veracruz
hyundai,verna,Verna
hyundai,hg,XG
gmc,acadia,Acadia
gmc,canyon,Canyon
gmc,envoy,Envoy
gmc,hummer_ev,Hummer EV
gmc,jimmy,Jimmy
gmc,sierra,Sierra
gmc,sierra_ev,Sierra EV
gmc,suburban,Suburban
gmc,terrain,Terrain
gmc,typhoon,Typhoon
gmc,yukon,Yukon
gmc,savana,GMC Savana
gmc,vandura,GMC Vandura
luxgen,7_mpv,7 MPV
luxgen,7_suv,7 SUV
luxgen,u6,U6
hongyan,bev,BEV
hongyan,genlyon,Genlyon
hongyan,kingkan,Kingkan
king_long,xmq6127c,XMQ6127C
king_long,xmq6129y,XMQ6129Y
deepal,g318,G318
deepal,l06,L06
deepal,l07,L07
deepal,s05,S05
deepal,s07,S07
deepal,s09,S09
deepal,sl03,SL03
jinbei,haise,Haise
jinbei,haixing_x30,Haixing X30
kraz,250,250
kraz,255,255
kraz,260,260
kraz,6437,6437
kraz,6443,6443
international,9000_series,9000 Series
international,cxt,CXT
international,mxt,MXT
international,prostar_4x2,ProStar 4x2
international,prostar_6x2,ProStar 6x2
international,prostar_6x4,ProStar 6x4
jmc,baodian,Baodian
jmc,dadao,Dadao
jmc,vigus,Vigus
jmc,yuhu_5,Yuhu 5
jmc,yuhu_7,Yuhu 7
jmc,yuhu_9,Yuhu 9
belgee,s50,S50
belgee,x50,X50
belgee,x50_plus,X50+
belgee,x70,X70
belgee,x80,X80
wuling,astra,Asta
wuling,bingo,Bingo
wuling,fighting,Fighting
wuling,hongguang,Hongguang
wuling,mini_ev,Hongguang Mini EV
wuling,hongguang_plus,Hongguang Plus
wuling,hongguang_s,Hongguang S
wuling,hongguang_s_classic,Hongguang S Classic
wuling,hongguang_s1,Hongguang S1
wuling,hongguang_s3,Hongguang S3
wuling,hongguang_v,Hongguang V
wuling,jiachen,Jiachen
wuling,rongguang,Rongguang
wuling,rongguang_s,Rongguang S
wuling,starlight,Starlight
wuling,starlight_730,Starlight 730
wuling,sunshine,Sunshine
wuling,victory,Victory
wuling,xingchen,Xingchen
wuling,xingchi,Xingchi
wuling,zhengcheng,Zhengcheng
wuling,zhiguang_ev,Zhiguang EV
higer,klq_6119,KLQ 6119
higer,klq_6122,KLQ 6122
higer,klq_6128,KLQ 6128
higer,klq_6129,KLQ 6129
higer,klq_6720,KLQ 6720
higer,klq_6840,KLQ 6840
higer,klq_6885,KLQ 6885
higer,klq_6928,KLQ 6928
isuzu,117,117 Coupe
isuzu,amigo,Amigo
isuzu,aska,Aska
isuzu,axiom,Axiom
isuzu,bighorn,Bighorn
isuzu,como,Como
isuzu,d-max,D-MAX
isuzu,fargo,Fargo
isuzu,fargo_filly,Fargo Filly
isuzu,faster,Faster
isuzu,filly,Filly
isuzu,florian,Florian
isuzu,gemini,Gemini
isuzu,i-mark,I-Mark
isuzu,lingtuo,Lingtuo
isuzu,midi,Midi
isuzu,mu,MU
isuzu,mu-x,MU-X
isuzu,pa_nero,Pa Nero
isuzu,piazza,Piazza
isuzu,piazza_nero,Piazza Nero
isuzu,ruimai,RE-MAX Ruimai
isuzu,rodeo,Rodeo
isuzu,t30_explorer,T30 Explorer
isuzu,trooper,Trooper
isuzu,vehicross,VehiCross
isuzu,wizard,Wizard
metrocab,ii,Series 2
jmev,ev3,EV3
jmev,yi,Yi
vortex,corda,Corda
vortex,estina,Estina
vortex,tingo,Tingo
volga-mark,c50,C50
volga-mark,k30,K30
volga-mark,k40,K40
volga-mark,k50,K50
zhong_tong,compass,Compass
jac,binyue,Binyue
jac,iev,iEV4
jac,iev5,iEV5
jac,iev6e,iEV6E
jac,iev6e_sport,iEV6E Sport
jac,iev6s,iEV6S
jac,iev7l,iEV7L
jac,iev7s,iEV7S
jac,ieva50,iEVA50
jac,ievs4,iEVS4
jac,j2,J2
jac,j3,J3
jac,j5,J5
jac,j6,J6
jac,j7,J7
jac,jiayue_a5,Jiayue A5
jac,js2_pro,JS2 Pro
jac,js3,JS3
jac,js4,JS4
jac,js5,JS5
jac,js6,JS6
jac,js9,JS9
jac,m1,M1
jac,refine,Refine
jac,refine_a60,Refine A60
jac,refine_l6_max,Refine L6 Max
jac,refine_m3,Refine M3
jac,refine_m5,Refine M5
jac,refine_m6,Refine M6
jac,refine_r3,Refine R3
jac,refine_rf8,Refine RF8
jac,refine_s2,Refine S2
jac,refine_s3,Refine S3
jac,refine_s4,Refine S4
jac,refine_s5,Refine S5
jac,refine_s7,Refine S7
jac,rein,Rein
jac,rf8,RF8
jac,s1,S1
jac,s3,S3
jac,s3_pro,S3 Pro
jac,s5,S5
jac,s7,S7
jac,sehol_a5,Sehol A5
jac,sehol_a5_plus,Sehol A5 Plus
jac,sehol_aipao,Sehol Aipao
jac,sehol_e10x,Sehol E10X
jac,sehol_e20x,Sehol E20X
jac,sehol_e40x,Sehol E40X
jac,sehol_qx,Sehol QX
jac,sehol_x4,Sehol X4
jac,sehol_x6,Sehol X6
jac,sehol_x7,Sehol X7
jac,sehol_x8,Sehol X8
jac,sehol_x8_plus,Sehol X8 Plus
jac,t40,T40
jac,t6,T6
jac,t8,T8
jac,t8_pro,T8 Pro
jac,t9,T9
jac,yttrium_3,Yttrium 3
weltmeister,e5,E5
weltmeister,ex5,EX5
weltmeister,ex5-z,EX5-Z
weltmeister,ex6,EX6
weltmeister,w6,W6
hafei,brio,Brio
hafei,princip,Princip
hafei,saibao,Saibao
hafei,sigma,Sigma
hafei,simbo,Simbo
aito,m5,M5
aito,m7,M7
aito,m8,M8
aito,m9,M9
landwind,cv9,CV9
landwind,forward,Forward
landwind,rongyao,Rongyao
landwind,x2,X2
landwind,x5,X5
landwind,x5_plus,X5 Plus
landwind,x6,X6
landwind,x7,X7
landwind,x8,X8
landwind,x9,X9
landwind,xiaoyao,Xiaoyao
radar,rd6,RD6
ora,03,03
ora,5,5
ora,7,7
ora,ballet_cat,Ballet Cat
ora,black_cat,Black Cat
ora,good_cat,Good Cat
ora,lightning_cat,Lightning Cat
ora,mecha_dragon,Mecha Dragon
ora,white_cat,White Cat
rivian,r1s,R1S
rivian,r1t,R1T
wartburg,13,1.3
tata,telcoline,Telcoline
tata,xenon,Xenon
jonway,a380,A380
hycan,007,007
hycan,a06,A06
hycan,v09,V09
hycan,z03,Z03
212,t01,T01
kaiyi,e5,E5
kaiyi,x3,X3
kaiyi,x3_pro,X3 Pro
kaiyi,x7_kunlun,X7 Kunlun
ravon,gentra,Gentra
ravon,matiz,Matiz
ravon,nexia_r3,Nexia R3
ravon,r2,R2
ravon,r4,R4
jaguar,240,240
jaguar,340,340
jaguar,e-pace,E-Pace
jaguar,f-pace,F-Pace
jaguar,f-type,F-Type
jaguar,i-pace,I-Pace
jaguar,mark_i,Mark I
jaguar,mark_ii,Mark II
jaguar,mark_ix,Mark IX
jaguar,s-type,S-type
jaguar,sovereign,Sovereign
jaguar,x-type,X-Type
jaguar,xe,XE
jaguar,xf,XF
jaguar,xj,XJ
jaguar,xj220,XJ220
jaguar,xgs,XJS
jaguar,xk,XK
neman,4202,4202
baojun,310,310
baojun,360,360
baojun,510,510
baojun,530,530
baojun,730,730
baojun,e100,E100
baojun,e200,E200
baojun,e300,E300
baojun,kiwi_ev,KiWi EV
baojun,rc-5,RC-5
baojun,rc-6,RC-6
baojun,rm-5,RM-5
baojun,rs-3,RS-3
baojun,rs-5,RS-5
baojun,rs-7,RS-7
baojun,valli,Valli
baojun,yep,Yep
baojun,yep_plus,Yep Plus
baojun,yunduo,Yunduo Cloud
alfa_romeo,33,33
alfa_romeo,33_stradale,33 Stradale
alfa_romeo,145,145
alfa_romeo,146,146
alfa_romeo,147,147
alfa_romeo,155,155
alfa_romeo,156,156
alfa_romeo,159,159
alfa_romeo,164,164
alfa_romeo,166,166
alfa_romeo,4c,4C
alfa_romeo,75,75
alfa_romeo,8c,8C
alfa_romeo,90,90
alfa_romeo,brera,Brera
alfa_romeo,giulia,Giulia
alfa_romeo,giulietta,Giulietta
alfa_romeo,gt,GT
alfa_romeo,gtv,GTV
alfa_romeo,junior,Junior
alfa_romeo,milano,Milano
alfa_romeo,mi-to,MiTo
alfa_romeo,spider,Spider
alfa_romeo,stelvio,Stelvio
alfa_romeo,tonale,Tonale
ciimo,mn-v,M-NV
maz,103,103
maz,206,206
maz,256,256
maz,500,500
maz,504,504
maz,5334,5334
maz,5336,5336
maz,5337,5337
maz,5340,5340
maz,5429,5429
maz,5432,5432
maz,5433,5433
maz,5434,5434
maz,5440,5440
maz,5516,5516
maz,5549,5549
maz,5551,5551
maz,5659,5659
maz,5743,5743
maz,4370,4370
maz,4371,4371
maz,4744,4744
maz,47820,47820
maz,6303,6303
maz,6310,6310
maz,6312,6312
maz,6317,6317
maz,6422,6422
maz,6425,6425
maz,6430,6430
maz,6501,6501
maz,6516,6516
izh,2125,2125 Комби
izh,2126_oda,2126 Ода
izh,21261_oda_wagon,21261 Фабула
izh,2715,2715
izh,2717,2717
zeekr,001,001
zeekr,007,007
zeekr,009,009
zeekr,7x,7X
zeekr,8x,8X
zeekr,9x,9X
zeekr,mix,Mix
zeekr,x,X
jetour,dasheng,Dashing
jetour,f700,F700
jetour,g700,G700
jetour,g900,G900
jetour,l6,L6
jetour,l7,L7
jetour,l9,L9
jetour,t1,T1
jetour,t2,T2
jetour,traveller,Traveller
jetour,x50,X50
jetour,x70,X70
jetour,x70_coupe,X70 Coupe
jetour,x70_plus,X70 Plus
jetour,x70_pro,X70 Pro
jetour,x70l,X70L
jetour,x70m,X70M
jetour,x70s,X70S
jetour,x90,X90
jetour,x90_plus,X90 Plus
jetour,x90_pro,X90 Pro
jetour,x95,X95
lucid,air,Air
lucid,gravity,Gravity
howo,4x2,4x2
howo,6x4,6x4
howo,6x6,6x6
howo,8x4,8x4
faw,6350,6350
faw,6371,6371
faw,bestune_b70,Bestune B70
faw,bestune_b70s,Bestune B70S
faw,bestune_e01,Bestune E01
faw,bestune_m9,Bestune M9
faw,bestune_nat,Bestune NAT
faw,bestune_pony,Bestune Pony
faw,bestune_t33,Bestune T33
faw,bestune_t55,Bestune T55
faw,bestune_t77,Bestune T77
faw,bestune_t90,Bestune T90
faw,bestune_t99,Bestune T99
faw,bestune_yueyi_07,Bestune Yueyi 07
faw,besturn_b30,Besturn B30
faw,besturn_b50,Besturn B50
faw,besturn_b70,Besturn B70
faw,besturn_x40,Besturn X40
faw,besturn_x40_ev,Besturn X40 EV
faw,besturn_x80,Besturn X80
faw,jinn,Jinn
faw,junpai_d60,Junpai D60
faw,landmark_old,Landmark
faw,oley,Oley
faw,senia_r7,Senia R7
faw,senia_r9,Senia R9
faw,v2,V2
faw,v5,V5
faw,vita,Vita
delorean,dmc-12,DMC-12
foton,conqueror_3,Conqueror 3
foton,conqueror_5,Conqueror 5
foton,conqueror_7,Conqueror 7
foton,conqueror_plus,Conqueror Plus
foton,mars_7,Mars 7
foton,mars_9,Mars 9
foton,midi,Midi
foton,sauvana,Sauvana
foton,tunland,Tunland
foton,tunland_f9,Tunland F9
foton,tunland_g7,Tunland G7
foton,tunland_g9,Tunland G9
foton,v7,Tunland V7
foton,v9,Tunland V9
foton,view,View
tenet,a8,A8
tenet,t4,T4
tenet,t4l,T4L
tenet,t7,T7
tenet,t8,T8
abarth,124_spider,124 Spider
abarth,500,500
abarth,595,595
abarth,695,695
volvo,260,260
volvo,340,340
volvo,343,343
volvo,345,345
volvo,360,360
volvo,440,440
volvo,460,460
volvo,480,480
volvo,850,850
volvo,960,960
volvo,c30,C30
volvo,c40,C40
volvo,c70,C70
volvo,em90,EM90
volvo,es90,ES90
volvo,ex30,EX30
volvo,ex40,EX40
volvo,ex60,EX60
volvo,ex90,EX90
volvo,s40,S40
volvo,s60,S60
volvo,s70,S70
volvo,s80,S80
volvo,s90,S90
volvo,v40,V40
volvo,v50,V50
volvo,v60,V60
volvo,v70,V70
volvo,v90,V90
volvo,xc40,XC40
volvo,xc60,XC60
volvo,xc70,XC70
volvo,xc90,XC90
xcite,x-cross_7,X-Cross 7
xcite,x-cross_8,X-Cross 8
oldsmobile,98,98
oldsmobile,achieva,Achieva
oldsmobile,alero,Alero
oldsmobile,aurora,Aurora
oldsmobile,bravada,Bravada
oldsmobile,cutlass,Cutlass
dw_hower,h3,H3
dw_hower,h5,H5
huaihai,hoann_ek2,Hoann EK2
cheryexeed,et5,ET5
cheryexeed,ex7,EX7
cheryexeed,exlantix_es,Exlantix ES
cheryexeed,exlantix_et,Exlantix ET
cheryexeed,lx,LX
cheryexeed,rx,RX
cheryexeed,sterra_es,Sterra ES
cheryexeed,sterra_et,Sterra ET
cheryexeed,tx,TX
cheryexeed,txl,TXL
cheryexeed,vx,VX
cheryexeed,yaoguang,Yaoguang
scania,2-series,2-Series
scania,3-series,3-Series
scania,4-series,4-Series
scania,g-series_4x2,G-Series 4x2
scania,g-series_4x4,G-Series 4x4
scania,g-series_6x2,G-Series 6x2
scania,g-series_6x4,G-Series 6x4
scania,g-series_6x6,G-Series 6x6
scania,g-series_8x2,G-Series 8x2
scania,g-series_8x4,G-Series 8x4
scania,p-series_4x2,P-Series 4x2
scania,p-series_4x4,P-Series 4x4
scania,p-series_6x2,P-Series 6x2
scania,p-series_6x4,P-Series 6x4
scania,p-series_6x6,P-Series 6x6
scania,p-series_8x2,P-Series 8x2
scania,p-series_8x4,P-Series 8x4
scania,r-series_4x2,R-Series 4x2
scania,r-series_4x4,R-Series 4x4
scania,r-series_6x2,R-Series 6x2
scania,r-series_6x4,R-Series 6x4
scania,r-series_6x6,R-Series 6x6
scania,r-series_8x2,R-Series 8x2
scania,r-series_8x4,R-Series 8x4
scania,s-series_4x2,S-Series 4x2
scania,s-series_6x2,S-Series 6x2
scania,s-series_6x4,S-Series 6x4
scania,s-series_8x2,S-Series 8x2
scania,s-series_8x4,S-Series 8x4
land_rover,defender,Defender
land_rover,discovery,Discovery
land_rover,discovery_sport,Discovery Sport
land_rover,freelander,Freelander
land_rover,range_rover,Range Rover
land_rover,range_rover_evoque,Range Rover Evoque
land_rover,range_rover_sport,Range Rover Sport
land_rover,range_rover_velar,Range Rover Velar
land_rover,series_3,Series III
setra,comfort_class,Comfort Class
setra,top_class,Top Class
iran_khodro,dena,Dena
iran_khodro,reera,Reera
iran_khodro,runna,Runna
iran_khodro,samand,Samand
iran_khodro,tara,Tara
jidu,01,01
kawei,k1,K1
kawei,k150,K150
freightliner,business_class_fl,Business Class FL
freightliner,business_class_m2,Business Class M2
freightliner,cascadia,Cascadia
freightliner,century,Century
freightliner,columbia,Columbia
freightliner,flc,FLC
freightliner,fld,FLD
freightliner,sprinter,Sprinter
bentley,arnage,Arnage
bentley,azure,Azure
bentley,bentayga,Bentayga
bentley,brooklands,Brooklands
bentley,continental,Continental
bentley,continental_gt,Continental GT
bentley,eight,Eight
bentley,flying_spur,Flying Spur
bentley,mulsanne,Mulsanne
bentley,r-type,R-Type
bentley,s,S
bentley,t-series,T-Series
bentley,turbo_r,Turbo R
iveco,massif,Massif
tianye,admiral,Admiral
bnm,model_1,Model 1
daewoo,alpheon,Alpheon
daewoo,cielo,Cielo
daewoo,damas,Damas
daewoo,espero,Espero
daewoo,evanda,Evanda
daewoo,g2x,G2X
daewoo,gentra,Gentra
daewoo,kalos,Kalos
daewoo,korando,Korando
daewoo,lacetti,Lacetti
daewoo,lanos,Lanos
daewoo,leganza,Leganza
daewoo,lemans,LeMans
daewoo,lublin_3,Lublin 3
daewoo,magnus,Magnus
daewoo,matiz,Matiz
daewoo,nexia,Nexia
daewoo,nubira,Nubira
daewoo,prince,Prince
daewoo,racer,Racer
daewoo,rezzo,Rezzo
daewoo,royale,Royale
daewoo,sens,Sens
daewoo,tacuma,Tacuma
daewoo,tico,Tico
daewoo,tosca,Tosca
daewoo,winstorm,Winstorm
vis,1705,1705
vis,2345,2345
vis,2346,2346
vis,2347,2347
vis,2348,2348
vis,2349,2349
maserati,3200gt,3200 GT
maserati,coupe-model,Coupe
maserati,ghibli,Ghibli
maserati,grancabrio,GranCabrio
maserati,gransport,GranSport
maserati,granturismo,GranTurismo
maserati,grecale,Grecale
maserati,levante,Levante
maserati,mc20,MC20
maserati,quattroporte,Quattroporte
maserati,spyder,Spyder
zil,111,111
zil,114,114
zil,4104,4104
karma,gyesera,Gyesera
karma,kaveya,Kaveya
karma,revero,Revero
nysa,522,522
amber,a3,A3
amber,a5,A5
shineray,good_luck,Good Luck
shineray,jinhaishi,Jinhaishi
shineray,x30,X30
luaz,967,967
luaz,luaz-969,969
luaz,luaz-1302,1302
mercury,cougar,Cougar
mercury,grand_marquis,Grand Marquis
mercury,mariner,Mariner
mercury,milan,Milan
mercury,montego,Montego
mercury,monterey,Monterey
mercury,mountaineer,Mountaineer
mercury,sable,Sable
mercury,topaz,Topaz
packard,200,200
packard,caribbean,Caribbean
packard,clipper,Clipper
packard,hawk,Hawk
mg,3,3
mg,07,07
mg,4_ev,4 EV
mg,4x,4X
mg,5,5
mg,5_scorpio,5 Scorpio
mg,6,6
mg,6_pro,6 Pro
mg,7,7
mg,cyberster,Cyberster
mg,es5,ES5
mg,ezs,EZS
mg,f,F
mg,hs,HS
mg,mgb,MGB
mg,mulan,Mulan
mg,one,One
mg,pilot,Pilot
mg,rui_teng,Rui Teng
mg,rx5_plus,RX5 Plus
mg,rx8,RX8
mg,rx9,RX9
mg,sharp,Sharp
mg,tf,TF
mg,u9,U9
mg,zs,ZS
marcopolo,bravis,Bravis
ferrari,12cilindri,12Cilindri
ferrari,296_gtb,296 GTB
ferrari,296_gts,296 GTS
ferrari,296_speciale,296 Speciale
ferrari,328,328
ferrari,348,348
ferrari,360,360
ferrari,458_italia,458 Italia
ferrari,458_spider,458 Spider
ferrari,458_speciale,458 Speciale
ferrari,488_gtb,488 GTB
ferrari,488_spider,488 Spider
ferrari,488_pista,488 Pista
ferrari,575m_maranello,575M Maranello
ferrari,599_gtb_fiorano,599 GTB Fiorano
ferrari,599_gto,599 GTO
ferrari,612_scaglietti,612 Scaglietti
ferrari,812_gts,812 GTS
ferrari,812_superfast,812 Superfast
ferrari,849_testarossa,849 Testarossa
ferrari,amalfi,Amalfi
ferrari,california,California
ferrari,daytona_sp3,Daytona SP3
ferrari,enzo_ferrari,Enzo Ferrari
ferrari,f12_berlinetta,F12 Berlinetta
ferrari,f12_tdf,F12 TDF
ferrari,f355,F355
ferrari,f40,F40
ferrari,f430,F430
ferrari,f50,F50
ferrari,f8_spider,F8 Spider
ferrari,f8_tributo,F8 Tributo
ferrari,f80,F80
ferrari,ff,FF
ferrari,gtc4lusso,GTC4Lusso
ferrari,laferrari,LaFerrari
ferrari,luce,Luce
ferrari,monza_sp,Monza SP
ferrari,portofino,Portofino
ferrari,purosangue,Purosangue
ferrari,roma,Roma
ferrari,sf90_stradale,SF90 Stradale
ferrari,testarossa,Testarossa
tagaz,aquila,Aquila
tagaz,vega,Вега
tagaz,road_partner,Роад Партнер
tagaz,c10,С10
tagaz,c190,С190
tagaz,tager,Тагер
gac,aion_hyper_gt,Aion Hyptec GT (Hyper GT)
gac,aion_hyper_hl,Aion Hyptec HL (Hyper HL)
gac,aion_hyper_ht,Aion Hyptec HT (Hyper HT)
gac,aion_hyper_ssr,Aion Hyptec SSR (Hyper SSR)
gac,aion_i60,Aion i60
gac,aion_lx,Aion LX
gac,aion_lx_plus,Aion LX Plus
gac,aion_n60,Aion N60
gac,aion_s,Aion S
gac,aion_s_plus,Aion S Plus
gac,aion_ut,Aion UT
gac,aion_v,Aion V
gac,aion_v_plus,Aion V Plus
gac,aion_y,Aion Y
gac,aion_y_plus,Aion Y Plus
gac,ea6,EA6
gac,empow,Empow
gac,gn8,GN8
gac,trumpchi_gs3,GS3
gac,gs4,GS4
gac,gs5,GS5
gac,gs8,GS8
gac,ia5,iA5
gac,trumpchi_m8,M8
gac,s7,S7
gac,s9,S9
gac,trumpchi,Trumpchi
gac,trumpchi_e8,Trumpchi E8
gac,trumpchi_e9,Trumpchi E9
gac,trumpchi_emkoo,Trumpchi Emkoo
gac,trumpchi_empow,Trumpchi Empow
gac,trumpchi_es9_phev,Trumpchi ES9
gac,trumpchi_ga3,Trumpchi GA3
gac,trumpchi_ga3s,Trumpchi GA3S
gac,trumpchi_ga4,Trumpchi GA4
gac,trumpchi_ga4_plus,Trumpchi GA4 Plus
gac,trumpchi_ga5,Trumpchi GA5
gac,trumpchi_ga6,Trumpchi GA6
gac,trumpchi_ga8,Trumpchi GA8
gac,trumpchi_ge3,Trumpchi GE3
gac,trumpchi_gm6,Trumpchi GM6
gac,trumpchi_gm8,Trumpchi GM8
gac,trumpchi_gs3_power,Trumpchi GS3 Power
gac,trumpchi_gs4,Trumpchi GS4
gac,trumpchi_gs4_coupe,Trumpchi GS4 Coupe
gac,trumpchi_gs4_max,Trumpchi GS4 Max
gac,trumpchi_gs4_plus,Trumpchi GS4 Plus
gac,trumpchi_gs5,Trumpchi GS5
gac,trumpchi_gs5_super,Trumpchi GS5 Super
gac,trumpchi_gs7,Trumpchi GS7
gac,trumpchi_gs8,Trumpchi GS8
gac,trumpchi_gs8s,Trumpchi GS8S
gac,trumpchi_m6,Trumpchi M6
gac,trumpchi_m6_max,Trumpchi M6 Max
gac,trumpchi_m6_pro,Trumpchi M6 Pro
gac,trumpchi_s7,Trumpchi S7
gac,trumpchi_s9,Trumpchi S9
gac,way,Way
honda,145,145
honda,1300,1300
honda,accord,Accord
honda,accord_inspire,Accord Inspire
honda,acty,Acty
honda,airwave,Airwave
honda,ascot,Ascot
honda,ascot_innova,Ascot Innova
honda,avancier,Avancier
honda,ballade,Ballade
honda,beat,Beat
honda,breeze,Breeze
honda,capa,Capa
honda,city,City
honda,civic,Civic
honda,civic_ferio,Civic Ferio
honda,civic_shuttle,Civic Shuttle
honda,civic_type_r,Civic Type R
honda,fcx_clarity,Clarity
honda,concerto,Concerto
honda,cr-v,CR-V
honda,cr-x,CR-X
honda,cr-x_delsol,CR-X del Sol
honda,cr-z,CR-Z
honda,crider,Crider
honda,crossroad,Crossroad
honda,crosstour,Crosstour
honda,domani,Domani
honda,e,e
honda,e-np1,e:NP1
honda,e-np2,e:NP2
honda,e-ns1,e:NS1
honda,e-ns2,e:NS2
honda,e_ny1,e:NY1
honda,edix,Edix
honda,element,Element
honda,elysion,Elysion
honda,envix,Envix
honda,ve-1,Everus VE-1
honda,fit,Fit
honda,fit_aria,Fit Aria
honda,fit_shuttle,Fit Shuttle
honda,fr-v,FR-V
honda,freed,Freed
honda,freed_spike,Freed Spike
honda,freed_plus,Freed+
honda,grace,Grace
honda,horizon,Horizon
honda,hr-v,HR-V
honda,insight,Insight
honda,inspire,Inspire
honda,integra,Integra
honda,integra_sj,Integra SJ
honda,jade,Jade
honda,jazz,Jazz
honda,lagreat,Lagreat
honda,legend,Legend
honda,life,Life
honda,life_dunk,Life Dunk
honda,logo,Logo
honda,mn-v,M-NV
honda,mdx,MDX
honda,mobilio,Mobilio
honda,mobilio_spike,Mobilio Spike
honda,n-box,N-BOX
honda,n_box_slash,N-BOX Slash
honda,n-box_plus,N-BOX+
honda,n-one,N-ONE
honda,n-van,N-VAN
honda,n-wgn,N-WGN
honda,nsx,NSX
honda,odyssey,Odyssey
honda,orthia,Orthia
honda,p7,P7
honda,partner,Partner
honda,passport,Passport
honda,pilot,Pilot
honda,prelude,Prelude
honda,prologue,Prologue
honda,quint,Quint
honda,rafaga,Rafaga
honda,ridgeline,Ridgeline
honda,s-mx,S-MX
honda,s2000,S2000
honda,s660,S660
honda,s7,S7
honda,saber,Saber
honda,shuttle,Shuttle
honda,stepwgn,Stepwgn
honda,stream,Stream
honda,street,Street
honda,super_one,Super-ONE
honda,today,Today
honda,torneo,Torneo
honda,ur-v,UR-V
honda,vamos,Vamos
honda,vamos_hobio,Vamos Hobio
honda,vezel,Vezel
honda,vigor,Vigor
honda,wr-v,WR-V
honda,x-nv,X-NV
honda,xr-v,XR-V
honda,z,Z
honda,zest,Zest
honda,zr-v,ZR-V
forland,3,3
forland,5,5
forland,8,8
forland,12,12
forland,t5,T5
bmw,02_e10,02 (E10)
bmw,1-series,1-Series
bmw,1m,1M
bmw,2-series,2-Series
bmw,2-series_active_tourer,2-Series Active Tourer
bmw,2-series_gran_tourer,2-Series Gran Tourer
bmw,3-series,3-Series
bmw,3-series_gran_turismo,3-Series Gran Turismo
bmw,321,321
bmw,326,326
bmw,340,340
bmw,4-series,4-Series
bmw,5-series,5-Series
bmw,5-series_gran_turismo,5-Series Gran Turismo
bmw,503,503
bmw,6-series,6-Series
bmw,6-series_gran_turismo,6-Series Gran Turismo
bmw,600,600
bmw,7-series,7-Series
bmw,8-series,8-Series
bmw,e3,E3
bmw,e9,E9
bmw,i3,i3
bmw,i4,i4
bmw,i5,i5
bmw,i7,i7
bmw,i8,i8
bmw,isetta,Isetta
bmw,ix,iX
bmw,ix1,iX1
bmw,ix2,iX2
bmw,ix3,iX3
bmw,ix5,iX5
bmw,m1,M1
bmw,m2,M2
bmw,m3,M3
bmw,m4,M4
bmw,m5,M5
bmw,m6,M6
bmw,m8,M8
bmw,neue_klasse,Neue Klasse
bmw,x1,X1
bmw,x2,X2
bmw,x3,X3
bmw,x4,X4
bmw,x5,X5
bmw,x6,X6
bmw,x7,X7
bmw,xm,XM
bmw,z1,Z1
bmw,z3,Z3
bmw,z4,Z4
bmw,z8,Z8
venucia,d60_plus,D60 Plus
venucia,v-online,V-Online
venucia,v-online_dd-i,V-Online DD-i
hawtai,a25,A25
hawtai,b21,B21
hawtai,boliger,Boliger
hawtai,iev230,iEV230
hawtai,laville,Laville
hawtai,shengdafei,Shengdafei
hawtai,shengdafei_5,Shengdafei 5
hawtai,xev260,XEV260
yema,spica,Spica
yema,t70,T70
porsche,356,356
porsche,911,911
porsche,914,914
porsche,918,918
porsche,924,924
porsche,928,928
porsche,944,944
porsche,968,968
porsche,boxster,Boxster
porsche,carrera,Carrera GT
porsche,cayenne,Cayenne
porsche,cayenne_coupe,Cayenne Coupe
porsche,cayman,Cayman
porsche,macan,Macan
porsche,panamera,Panamera
porsche,taycan,Taycan
tenet_plus,l4,L4
tenet_plus,l6,L6
eraz,762,762
avior,g10,G10
avior,v90,V90
man,a12,A12
man,lions_coach,Lions Coach
man,lions_intercity,Lions Intercity
man,lions_regio,Lions Regio
man,nl,NL
man,sl,SL
man,tgl,TGL
man,tgm,TGM
man,tgs,TGS
man,tgx,TGX
lincoln,aviator,Aviator
lincoln,blackwood,Blackwood
lincoln,continental,Continental
lincoln,corsair,Corsair
lincoln,ls,LS
lincoln,mark,Mark
lincoln,mark_lt,Mark LT
lincoln,mkc,MKC
lincoln,mks,MKS
lincoln,mkt,MKT
lincoln,mkx,MKX
lincoln,mkz,MKZ
lincoln,nautilus,Nautilus
lincoln,navigator,Navigator
lincoln,town_car,Town Car
lincoln,zephyr,Zephyr
ud_trucks,condor,Condor
ud_trucks,kazet,Kazet
ud_trucks,quon,Quon
trabant,p601,P601
kg_mobility,actyon,Actyon
kg_mobility,korando,Korando
kg_mobility,musso,Musso
kg_mobility,musso_ev,Musso EV
kg_mobility,musso_grand,Musso Grand
kg_mobility,musso_khan,Musso Khan
kg_mobility,musso_sports,Musso Sports
kg_mobility,rexton,Rexton
kg_mobility,rexton_sports,Rexton Sports
kg_mobility,rexton_sports_khan,Rexton Sports Khan
kg_mobility,tivoli,Tivoli
kg_mobility,torres,Torres
kg_mobility,torres_evx,Torres EVX
kg_mobility,xlv,XLV
hanteng,x7,X7
lotus,2-eleven,2-Eleven
lotus,eletre,Eletre
lotus,elise,Elise
lotus,emeya,Emeya
lotus,emira,Emira
lotus,esprit,Esprit
lotus,europa_s,Europa S
lotus,evora,Evora
lotus,exige,Exige
lotus,for_me,For Me
sany,adt,ADT
sany,ev_light_truck,EV Light Truck
sany,semi-trailer_tractor,Semi-trailer Tractor
sany,set_series,SET Series
sany,skt_series,SKT Series
sany,srt_series,SRT Series
sany,syz_series,SYZ Series
lifan,650_ev,650 EV
lifan,breez,Breez
lifan,cebrium,Cebrium
lifan,celliya,Celliya
lifan,foison,Foison
lifan,murman,Murman
lifan,myway,Myway
lifan,smily,Smily
lifan,solano,Solano
lifan,x50,X50
lifan,x60,X60
lifan,x70,X70
lifan,x80,X80
enovate,me5,ME5
enovate,me7,ME7
neoplan,cityliner,Cityliner
neoplan,euroliner,Euroliner
neoplan,skyliner,Skyliner
neoplan,spaceliner,Spaceliner
neoplan,starliner,Starliner
neoplan,tourliner,Tourliner
neoplan,transliner,Transliner
huazi,omega,Omega
ineos,grenadier,Grenadier
levc,tx,TX
livan,7,7
livan,9,9
livan,s6_pro,S6 Pro
livan,x3_pro,X3 Pro
livan,x6_pro,X6 Pro
chevrolet,3600,3600
chevrolet,alero,Alero
chevrolet,astro,Astro
chevrolet,avalanche,Avalanche
chevrolet,aveo,Aveo
chevrolet,beretta,Beretta
chevrolet,blazer,Blazer
chevrolet,blazer_ev,Blazer EV
chevrolet,blazer_k5,Blazer K5
chevrolet,blazer_s-10,Blazer S-10
chevrolet,bolt,Bolt
chevrolet,c10,C10
chevrolet,camaro,Camaro
chevrolet,caprice,Caprice
chevrolet,captiva,Captiva
chevrolet,cavalier,Cavalier
chevrolet,celebrity,Celebrity
chevrolet,cobalt,Cobalt
chevrolet,colorado,Colorado
chevrolet,corsica,Corsica
chevrolet,corvette,Corvette
chevrolet,cruze,Cruze
chevrolet,damas,Damas
chevrolet,epica,Epica
chevrolet,equinox,Equinox
chevrolet,equinox_ev,Equinox EV
chevrolet,equinox_plus,Equinox Plus
chevrolet,evanda,Evanda
chevrolet,groove,Groove
chevrolet,hhr,HHR
chevrolet,impala,Impala
chevrolet,lacetti,Lacetti
chevrolet,lanos,Lanos
chevrolet,lumina,Lumina
chevrolet,lumina_apv,Lumina APV
chevrolet,malibu,Malibu
chevrolet,menlo,Menlo
chevrolet,metro,Metro
chevrolet,monte_carlo,Monte Carlo
chevrolet,monza,Monza
chevrolet,mw,MW
chevrolet,nexia,Nexia
chevrolet,niva,Niva
chevrolet,nova,Nova
chevrolet,nubira,Nubira
chevrolet,onix,Onix
chevrolet,optra,Optra
chevrolet,orlando,Orlando
chevrolet,prizm,Prizm
chevrolet,rezzo,Rezzo
chevrolet,s10,S10
chevrolet,seeker,Seeker
chevrolet,silverado,Silverado
chevrolet,sonic,Sonic
chevrolet,spark,Spark
chevrolet,ssr,SSR
chevrolet,suburban,Suburban
chevrolet,tacuma,Tacuma
chevrolet,tahoe,Tahoe
chevrolet,tracker,Tracker
chevrolet,trailblazer,TrailBlazer
chevrolet,trans_sport,Trans Sport
chevrolet,traverse,Traverse
chevrolet,trax,Trax
chevrolet,uplander,Uplander
chevrolet,van-model,Van
chevrolet,venture,Venture
chevrolet,viva,Viva
chevrolet,volt,Volt
rimac,nevera,Nevera
nefaz,4208,4208
nefaz,5299,5299
groz,polarsun,Polarsun
bestune,b70,B70
bestune,t55,T55
bestune,t77,T77
bestune,t90,T90
alpina,b10,B10
alpina,b11,B11
alpina,b12,B12
alpina,b3,B3
alpina,b4,B4
alpina,b5,B5
alpina,b6,B6
alpina,b7,B7
alpina,b8,B8
alpina,b9,B9
alpina,c1,C1
alpina,c2,C2
alpina,d10,D10
alpina,d3,D3
alpina,d4,D4
alpina,d5,D5
alpina,roadster,Roadster
alpina,xb7,XB7
alpina,xd3,XD3
alpina,xd4,XD4
brilliance,h230,H230
brilliance,h3,H3
brilliance,h530,H530
brilliance,m1,M1
brilliance,m2,M2
brilliance,m3,M3
brilliance,v3,V3
brilliance,v5,V5
brilliance,v6,V6
brilliance,v7,V7
tatra,613,613
cadillac,ats,ATS
cadillac,bls,BLS
cadillac,brougham,Brougham
cadillac,catera,Catera
cadillac,celestiq,Celestiq
cadillac,ct4,CT4
cadillac,ct5,CT5
cadillac,ct6,CT6
cadillac,cts,CTS
cadillac,deville,DeVille
cadillac,dts,DTS
cadillac,eldorado,Eldorado
cadillac,elr,ELR
cadillac,escalade,Escalade
cadillac,escalade_iq,Escalade IQ
cadillac,fleetwood,Fleetwood
cadillac,gt4,GT4
cadillac,lyriq,Lyriq
cadillac,optiq,Optiq
cadillac,seville,Seville
cadillac,srx,SRX
cadillac,sts,STS
cadillac,vistiq,Vistiq
cadillac,xlr,XLR
cadillac,xt4,XT4
cadillac,xt5,XT5
cadillac,xt6,XT6
cadillac,xts,XTS
willys,mb,MB
daihatsu,altis,Altis
daihatsu,applause,Applause
daihatsu,atrai,Atrai
daihatsu,atrai7,Atrai7
daihatsu,be-go,Be-Go
daihatsu,boon,Boon
daihatsu,boon_luminas,Boon Luminas
daihatsu,cast,Cast
daihatsu,charade,Charade
daihatsu,charade_social,Charade Social
daihatsu,charmant,Charmant
daihatsu,coo,Coo
daihatsu,copen,Copen
daihatsu,cuore,Cuore
daihatsu,delta,Delta
daihatsu,esse,Esse
daihatsu,gran_max,Gran Max
daihatsu,hijet,Hijet
daihatsu,caddie,Hijet Caddie
daihatsu,leeza,Leeza
daihatsu,materia,Materia
daihatsu,max,Max
daihatsu,mebius,Mebius
daihatsu,midget_ii,Midget II
daihatsu,mira,Mira
daihatsu,mira_avy,Mira Avy
daihatsu,mira_cocoa,Mira Cocoa
daihatsu,mira_e-s,Mira e:S
daihatsu,mira_gino,Mira Gino
daihatsu,mira_gino_1000,Mira Gino 1000
daihatsu,mira_moderno,Mira Moderno
daihatsu,mira_tocot,Mira Tocot
daihatsu,move,Move
daihatsu,move_canbus,Move Canbus
daihatsu,move_conte,Move Conte
daihatsu,move_latte,Move Latte
daihatsu,naked,Naked
daihatsu,opti,Opti
daihatsu,pyzar,Pyzar
daihatsu,rocky,Rocky
daihatsu,rugger,Rugger
daihatsu,sirion,Sirion
daihatsu,sonica,Sonica
daihatsu,storia,Storia
daihatsu,taft,Taft
daihatsu,tanto,Tanto
daihatsu,tanto_exe,Tanto Exe
daihatsu,terios,Terios
daihatsu,terios_kid,Terios Kid
daihatsu,terios_lucia,Terios Lucia
daihatsu,thor,Thor
daihatsu,wake,Wake
daihatsu,xenia,Xenia
daihatsu,yrv,YRV
kia,avella,Avella
kia,besta,Besta
kia,bongo,Bongo
kia,borrego,Borrego
kia,cadenza,Cadenza
kia,capital,Capital
kia,carens,Carens
kia,carnival,Carnival
kia,cerato,Cerato
kia,cerato_koup,Cerato Koup
kia,clarus,Clarus
kia,credos,Credos
kia,ev3,EV3
kia,ev4,EV4
kia,ev5,EV5
kia,ev6,EV6
kia,ev9,EV9
kia,forte,Forte
kia,k2,K2
kia,k3,K3
kia,k4,K4
kia,k5,K5
kia,k7,K7
kia,k8,K8
kia,k9,K9
kia,k900,K900
kia,kx_cross,KX Cross
kia,kx1,KX1
kia,kx3,KX3
kia,kx5,KX5
kia,kx7,KX7
kia,lotze,Lotze
kia,magentis,Magentis
kia,mohave,Mohave
kia,morning,Morning
kia,niro,Niro
kia,opirus,Opirus
kia,optima,Optima
kia,pegas,Pegas
kia,picanto,Picanto
kia,pregio,Pregio
kia,pride,Pride
kia,pv5,PV5
kia,quoris,Quoris
kia,ray,Ray
kia,retona,Retona
kia,rio,Rio
kia,rio_x-line,Rio X (X-Line)
kia,rondo,Rondo
kia,sedona,Sedona
kia,seltos,Seltos
kia,sephia,Sephia
kia,shuma,Shuma
kia,soluto,Soluto
kia,sonet,Sonet
kia,sorento,Sorento
kia,soul,Soul
kia,spectra,Spectra
kia,sportage,Sportage
kia,stinger,Stinger
kia,stonic,Stonic
kia,tasman,Tasman
kia,telluride,Telluride
kia,venga,Venga
kia,x-trek,X-Trek
kia,xceed,Xceed
golden_dragon,xml_6122,XML 6122
golden_dragon,xml_6126,XML 6126
golden_dragon,xml_6796,XML 6796
golden_dragon,xml_6952,XML 6952
zx,chanling,Chanling
zx,weishi_1949,Grand Lion Weishi 1949
zx,grandtiger,GrandTiger
zx,landmark,Landmark
zx,terralord,Terralord
avatr,06,06
avatr,06t,06T
avatr,07,07
avatr,11,11
avatr,12,12
polar_stone,01,01
polar_stone,adamas,Adamas
holden,ute,Ute
byd,d1,D1
byd,dahan,Dahan
byd,datang,Datang
byd,destroyer_05,Destroyer 05
byd,dolphin,Dolphin
byd,e1,e1
byd,e2,e2
byd,e3,e3
byd,e5,e5
byd,e6,e6
byd,e7,e7
byd,e9,e9
byd,f0,F0
byd,f3,F3
byd,f5,F5
byd,f6,F6
byd,f7,F7
byd,fangchengbao_formula_s,FangChengBao Formula S
byd,fangchengbao_formula_s_gt,FangChengBao Formula S GT
byd,fangchengbao_formula_sl,FangChengBao Formula SL
byd,fangchengbao_leopard_5,FangChengBao Leopard 5
byd,fangchengbao_leopard_8,FangChengBao Leopard 8
byd,fangchengbao_titanium_3,FangChengBao Titanium 3
byd,fangchengbao_titanium_7,FangChengBao Titanium 7
byd,flyer,Flyer
byd,frigate_07,Frigate 07
byd,g3,G3
byd,g6,G6
byd,han,Han
byd,han_l,Han L
byd,l3,L3
byd,linghui_e5,Linghui e5
byd,linghui_e7,Linghui e7
byd,linghui_e9,Linghui e9
byd,linghui_m9,Linghui M9
byd,m6,M6
byd,qin,Qin
byd,qin_l,Qin L DM
byd,qin_l_ev,Qin L EV
byd,qin_max,Qin Max
byd,qin_plus,Qin Plus
byd,qin_pro,Qin Pro
byd,racco,Racco
byd,s6,S6
byd,s7,S7
byd,sea-lion-05,Sea Lion 05 DM
byd,sea-lion-05-ev,Sea Lion 05 EV
byd,sea-lion-06,Sea Lion 06
byd,sea_lion_07_dm,Sea Lion 07 DM
byd,sea_lion_07,Sea Lion 07 EV
byd,sea_lion_08,Sea Lion 08
byd,seagull,Seagull
byd,seal,Seal
byd,seal_5,Seal 05
byd,seal_06,Seal 06 DM
byd,seal_06_ev,Seal 06 EV
byd,seal_06_gt,Seal 06 GT
byd,seal_07,Seal 07
byd,seal_08,Seal 08
byd,shark,Shark
byd,song,Song
byd,song_l_dm,Song L DM
byd,song_l,Song L EV
byd,song_max,Song Max
byd,song_plus,Song Plus
byd,song_pro,Song Pro
byd,song_ultra,Song Ultra
byd,tang,Tang
byd,tang_l,Tang L
byd,xia,Xia
byd,yangwang_u7,Yangwang U7
byd,yangwang_u8,Yangwang U8
byd,yangwang_u9,Yangwang U9
byd,yuan,Yuan
byd,yuan_plus,Yuan Plus
byd,yuan_pro,Yuan Pro
byd,yuan_up,Yuan Up
hino,300,300
hino,500,500
hino,700,700
hino,dutro,Dutro
hino,profia,Profia
hino,ranger,Ranger
hino,super_dolphin,Super Dolphin
zis,101,101
zis,110,110
seat,131,131
seat,133,133
seat,alhambra,Alhambra
seat,altea,Altea
seat,arona,Arona
seat,arosa,Arosa
seat,cordoba,Cordoba
seat,exeo,Exeo
seat,ibiza,Ibiza
seat,inca,Inca
seat,leon,Leon
seat,tarraco,Tarraco
seat,terra,Terra
seat,toledo,Toledo
alpine,a110,A110
alpine,a290,A290
peterbilt,387,387
soueast,a5,A5
soueast,dx3,DX3
soueast,dx5,DX5
soueast,dx7,DX7
soueast,dx7_prime,DX7 Prime
soueast,dx7_xingyue,DX7 XingYue
soueast,dx8,DX8
soueast,dx8s,DX8S
soueast,lioncel,Lioncel
soueast,s06,S06
soueast,s07,S07
soueast,s09,S09
soueast,soveran,Soveran
ambertruck,work,Work
ambertruck,ev75,Ambertruck EV 75
paz,3203,3203
paz,3204,3204
paz,3205,3205
paz,3206,3206
paz,3237,3237
paz,4230,4230 Аврора
paz,4234,4234
paz,citymax_9,Citymax 9
paz,vector_88,Вектор 8.8
paz,vector_next,Вектор Next
roewe,750,750
roewe,950,950
roewe,clever,Clever
roewe,d7,D7
roewe,e50,E50
roewe,e950,e950
roewe,ei5,ei5
roewe,ei6,ei6
roewe,i5,i5
roewe,i6,i6
roewe,i6_max,i6 Max
roewe,i6_plus,i6 Plus
roewe,imax8,iMAX8
roewe,m7,M7
roewe,marvel_x,Marvel X
roewe,rx3,RX3
roewe,rx3_pro,RX3 Pro
roewe,rx5,RX5
roewe,rx5_max,RX5 Max
roewe,rx5_plus,RX5 Plus
roewe,rx8,RX8
roewe,rx9,RX9
changan,alsvin,Alsvin
changan,alsvin_v7,Alsvin V7
changan,benben,Benben
changan,cs15,CS15
changan,cs35,CS35
changan,cs35_max,CS35 Max
changan,cs35_plus,CS35 Plus
changan,cs55,CS55
changan,cs55_e_rock,CS55 E-Rock
changan,cs55_plus,CS55 Plus
changan,cs75,CS75
changan,cs75_plus,CS75 Plus
changan,cs75_pro,CS75 Pro
changan,cs85_coupe,CS85 Coupe
changan,cs95,CS95
changan,cs95_plus,CS95 Plus
changan,cx20,CX20
changan,eado,Eado
changan,eado_dt,Eado DT
changan,eado_plus,Eado Plus
changan,eado_xt,Eado XT
changan,hunter,Hunter
changan,hunter_plus,Hunter Plus
changan,kaicene_f70,Kaicene F70
changan,kaicene_m60,Kaicene Ruixing M60
changan,kaicene_star_5,Kaicene Star 5
changan,lamore,Lamore
changan,lantop,Lantop
changan,linmax,Linmax
changan,lumin,Lumin
changan,qiyuan_a05,Qiyuan Nevo A05
changan,qiyuan_a06,Qiyuan Nevo A06
changan,qiyuan_a07,Qiyuan Nevo A07
changan,qiyuan_e07,Qiyuan Nevo E07
changan,qiyuan_hunter_k50,Qiyuan Nevo Hunter K50
changan,qiyuan_q05,Qiyuan Nevo Q05
changan,qiyuan_q06,Qiyuan Nevo Q06
changan,qiyuan_q07,Qiyuan Nevo Q07
changan,raeton,Raeton
changan,raeton_cc,Raeton CC
changan,raeton_plus,Raeton Plus
changan,uni-k,UNI-K
changan,uni-s,UNI-S
changan,uni-t,UNI-T
changan,uni-v,UNI-V
changan,uni-z,UNI-Z
changan,x5_plus,X5 Plus
changan,x7_plus,X7 Plus
changan,yida,Yida
luxeed,r7,R7
luxeed,s7,S7
naveco,c300,C300
ural-az,375,375
ural-az,3255,3255
ural-az,4320,4320
ural-az,43443,43443
ural-az,44202,44202
ural-az,5323,5323
ural-az,5557,5557
ural-az,583100,583100
ural-az,6368,6368
ural-az,6370,6370
ural-az,9593,9593
ural-az,c34520,C34520
ural-az,c35510,C35510
ural-az,next,Некст
ural-az,ural-m,Урал-М
skoda,100,100
skoda,1000-1100_mb,1000/1100 MB
skoda,105-120-125,105/120/125
skoda,1101-1102,1101/1102
skoda,1201,1201
skoda,1202,1202
skoda,1203,1203
skoda,440-445-450,440/445/450
skoda,citigo,Citigo
skoda,elroq,Elroq
skoda,enyaq_iv,Enyaq iV
skoda,enyaq_iv_coupe,Enyaq iV Coupe
skoda,epiq,Epiq
skoda,fabia,Fabia
skoda,favorit,Favorit
skoda,felicia,Felicia
skoda,forman,Forman
skoda,garde,Garde
skoda,kamiq,Kamiq
skoda,karoq,Karoq
skoda,kodiaq,Kodiaq
skoda,kodiaq_gt,Kodiaq GT
skoda,kushaq,Kushaq
skoda,octavia,Octavia
skoda,peaq,Peaq
skoda,popular,Popular
skoda,rapid,Rapid
skoda,roomster,Roomster
skoda,scala,Scala
skoda,superb,Superb
skoda,yeti,Yeti
avia,d-series,D-Series
mitsubishi,3000gt,3000GT
mitsubishi,airtrek,Airtrek
mitsubishi,aspire,Aspire
mitsubishi,asx,ASX
mitsubishi,attrage,Attrage
mitsubishi,bravo,Bravo
mitsubishi,carisma,Carisma
mitsubishi,celeste,Celeste
mitsubishi,challenger,Challenger
mitsubishi,chariot,Chariot
mitsubishi,chariot_grandis,Chariot Grandis
mitsubishi,colt,Colt
mitsubishi,colt_plus,Colt Plus
mitsubishi,cordia,Cordia
mitsubishi,debonair,Debonair
mitsubishi,delica,Delica
mitsubishi,delica_d_2,Delica D:2
mitsubishi,delica_d_3,Delica D:3
mitsubishi,delica_d_5,Delica D:5
mitsubishi,delica_mini,Delica Mini
mitsubishi,destinator,Destinator
mitsubishi,diamante,Diamante
mitsubishi,dignity,Dignity
mitsubishi,dion,Dion
mitsubishi,eclipse,Eclipse
mitsubishi,eclipse_cross,Eclipse Cross
mitsubishi,eclipse_sportback,Eclipse Sportback
mitsubishi,ek-active,eK Active
mitsubishi,ek-classy,eK classy
mitsubishi,ek-custom,ek Custom
mitsubishi,ek_space,eK Space
mitsubishi,ek-sport,eK Sport
mitsubishi,ek-wagon,eK Wagon
mitsubishi,ek_x_ev,eK X
mitsubishi,ekxev,eK X EV
mitsubishi,emeraude,Emeraude
mitsubishi,endeavor,Endeavor
mitsubishi,eterna,Eterna
mitsubishi,expo,Expo
mitsubishi,freeca,Freeca
mitsubishi,fto,FTO
mitsubishi,galant,Galant
mitsubishi,galant_fortis,Galant Fortis
mitsubishi,grandis,Grandis
mitsubishi,grunder,Grunder
mitsubishi,gto,GTO
mitsubishi,i,i
mitsubishi,i-miev,i-MiEV
mitsubishi,jeep,Jeep
mitsubishi,l200,L200
mitsubishi,l300,L300
mitsubishi,l400,L400
mitsubishi,lancer,Lancer
mitsubishi,lancer_cedia,Lancer Cedia
mitsubishi,lancer_evolution,Lancer Evolution
mitsubishi,lancer_ex,Lancer EX
mitsubishi,lancer_fortis,Lancer Fortis
mitsubishi,legnum,Legnum
mitsubishi,libero,Libero
mitsubishi,minica,Minica
mitsubishi,minica_toppo,Minica Toppo
mitsubishi,minicab,Minicab
mitsubishi,minicab_miev,Minicab MiEV
mitsubishi,mirage,Mirage
mitsubishi,dingo,Mirage Dingo
mitsubishi,montero,Montero
mitsubishi,montero_sport,Montero Sport
mitsubishi,outlander,Outlander
mitsubishi,outlander_sport,Outlander Sport
mitsubishi,pajero,Pajero
mitsubishi,pajero_io,Pajero iO
mitsubishi,pajero_junior,Pajero Junior
mitsubishi,pajero_mini,Pajero Mini
mitsubishi,pajero_pinin,Pajero Pinin
mitsubishi,pajero_sport,Pajero Sport
mitsubishi,pistachio,Pistachio
mitsubishi,proudia,Proudia
mitsubishi,raider,Raider
mitsubishi,rvr,RVR
mitsubishi,sapporo,Sapporo
mitsubishi,savrin,Savrin
mitsubishi,sigma,Sigma
mitsubishi,space_gear,Space Gear
mitsubishi,space_runner,Space Runner
mitsubishi,space_star,Space Star
mitsubishi,space_wagon,Space Wagon
mitsubishi,starion,Starion
mitsubishi,strada,Strada
mitsubishi,toppo,Toppo
mitsubishi,toppo_bj,Toppo BJ
mitsubishi,toppo_bj_wide,Toppo BJ Wide
mitsubishi,town_box,Town Box
mitsubishi,town_box_wide,Town Box Wide
mitsubishi,tredia,Tredia
mitsubishi,triton,Triton
mitsubishi,xforce,Xforce
mitsubishi,xpander,Xpander
mitsubishi,xpander_cross,Xpander Cross
dorcen,g60s,G60s
yuejin,1020,1020
yuejin,1041,1041
yuejin,1042,1042
yuejin,1080,1080
ssang_yong,actyon,Actyon
ssang_yong,actyon_sports,Actyon Sports
ssang_yong,chairman,Chairman
ssang_yong,kallista,Kallista
ssang_yong,korando,Korando
ssang_yong,korando_family,Korando Family
ssang_yong,korando_sports,Korando Sports
ssang_yong,korando_turismo,Korando Turismo
ssang_yong,kyron,Kyron
ssang_yong,musso,Musso
ssang_yong,musso_sports,Musso Sports
ssang_yong,nomad,Nomad
ssang_yong,rexton,Rexton
ssang_yong,rexton_sports,Rexton Sports
ssang_yong,rexton_sports_khan,Rexton Sports Khan
ssang_yong,rodius,Rodius
ssang_yong,stavic,Stavic
ssang_yong,tivoli,Tivoli
ssang_yong,torres,Torres
ssang_yong,istana,SsangYong Istana
aiways,u5,U5
aiways,u6,U6
shuanghuan,sceo,Sceo
zaz,vida,Вида
zaz,dana,Дана
zaz,zaporozhets,Запорожец
zaz,lanos,Ланос
zaz,pick-up,Пикап
zaz,sens,Сенс
zaz,slavuta,Славута
zaz,tavria,Таврия
zaz,forza,Форца
zaz,chance,Шанс
shacman-shaanxi,sx3251,SX3251
shacman-shaanxi,sx3254,SX3254
shacman-shaanxi,sx3255,SX3255
shacman-shaanxi,sx3256,SX3256
shacman-shaanxi,sx3258,SX3258
shacman-shaanxi,sx3315,SX3315
shacman-shaanxi,sx3316,SX3316
shacman-shaanxi,sx3318,SX3318
shacman-shaanxi,sx4186,SX4186
shacman-shaanxi,sx4188,SX4188
shacman-shaanxi,sx4250,SX4250
shacman-shaanxi,sx4255,SX4255
shacman-shaanxi,sx4256,SX4256
shacman-shaanxi,sx4258,SX4258
coda,ev,EV
jbc,sy_1041,SY1041
oshan,a600_ev,A600
oshan,changxing,Changxing
oshan,cos1,COS1
oshan,cos1_gt,COS1 GT
oshan,cos1_pro,COS1 Pro
oshan,cos3,COS3
oshan,cos5,COS5
oshan,cosmos,Cosmos
oshan,x5,X5
oshan,x5_plus,X5 Plus
oshan,x7,X7
oshan,x7_plus,X7 Plus
oshan,z6,Z6
derways,antelope,Antelope
derways,aurora,Aurora
derways,cowboy,Cowboy
derways,land_crown,Land Crown
derways,plutus,Plutus
derways,saladin,Saladin
derways,shuttle,Shuttle
plymouth,barracuda,Barracuda
plymouth,breeze,Breeze
plymouth,fury,Fury
plymouth,laser,Laser
plymouth,neon,Neon
plymouth,prowler,Prowler
plymouth,voyager,Voyager
swm,g01,G01
swm,g01_pro,G01 Pro
swm,g01f,G01F
swm,g01ff,G01FF
swm,g03f,G03F
swm,g05,G05
swm,g05_pro,G05 Pro
swm,iron_man,Iron Man
swm,tiger,Tiger
swm,x2,X2
swm,x3,X3
swm,x7,X7
denza,500,500
denza,d9,D9
denza,ev,EV
denza,n7,N7
denza,n8,N8
denza,n8l,N8L
denza,n9,N9
denza,x,X
denza,z,Z
denza,z9,Z9
denza,z9_gt,Z9 GT
denza,z9s,Z9S
li,i6,i6
li,i8,i8
li,l6,L6
li,l7,L7
li,l8,L8
li,l9,L9
li,mega,Mega
li,one,ONE
lada,oka,1111 Ока
lada,2101,2101
lada,2102,2102
lada,2103,2103
lada,2104,2104
lada,2105,2105
lada,2106,2106
lada,2107,2107
lada,2108,2108
lada,2109,2109
lada,2110,2110
lada,2111,2111
lada,2112,2112
lada,21099,21099
lada,2113,2113 Самара
lada,2114,2114 Самара
lada,2115,2115 Самара
lada,2120_nadezhda,2120 Надежда
lada,2129,2129
lada,2121_4x4_niva,4x4 2121 Нива
lada,2131_4x4_niva,4x4 2131 Нива
lada,4x4_bronto,4x4 Бронто
lada,4x4_urban,4x4 Урбан
lada,el_lada,EL LADA
lada,samara_hatchback,Samara
lada,azimut,Азимут
lada,aura,Аура
lada,vesta,Веста
lada,vesta_cross,Веста Кросс
lada,vesta_sport,Веста Спорт
lada,granta,Гранта
lada,granta_cross,Гранта Кросс
lada,granta_sport,Гранта Спорт
lada,iskra,Искра
lada,iskra_cross,Искра Кросс
lada,kalina,Калина
lada,kalina_cross,Калина Кросс
lada,kalina_sport,Калина Спорт
lada,largus,Ларгус
lada,largus_cross,Ларгус Кросс
lada,niva,Нива (2020-21 гг.)
lada,niva_bronto,Нива Бронто
lada,niva_legend,Нива Легенд
lada,2329_4x4_pickup,Нива Пикап
lada,niva_sport,Нива Спорт
lada,niva_travel,Нива Тревел
lada,priora,Приора
lada,riva,Рива
lada,tarzan,Тарзан
lada,x-cross_5,Х-Кросс 5
lada,xray,Х-рей
lada,xray_cross,Х-рей Кросс
jaecoo,j5,J5
jaecoo,j6,J6
jaecoo,j7,J7
jaecoo,j8,J8
oting,paladin,Paladin
oting,palasso,Palasso
sollers,sf1,SF1
sollers,sp7,SP7
sollers,st6,ST6
sollers,st8,ST8
sollers,st9,ST9
genesis,eq900,EQ900
genesis,g70,G70
genesis,g80,G80
genesis,g90,G90
genesis,gv60,GV60
genesis,gv70,GV70
genesis,gv80,GV80
genesis,gv80_coupe,GV80 Coupe
bugatti,chiron,Chiron
bugatti,tourbillon,Tourbillon
bugatti,veyron,Veyron
nissan,100nx,100NX
nissan,180sx,180SX
nissan,200sx,200SX
nissan,240sx,240SX
nissan,300zx,300ZX
nissan,350z,350Z
nissan,370z,370Z
nissan,adwagon,AD
nissan,almera,Almera
nissan,almera_classic,Almera Classic
nissan,altima,Altima
nissan,ariya,Ariya
nissan,armada,Armada
nissan,aura,Aura
nissan,auster,Auster
nissan,avenir,Avenir
nissan,avenir_salut,Avenir Salut
nissan,bassara,Bassara
nissan,be-1,BE-1
nissan,bluebird,Bluebird
nissan,bluebird_maxima,Bluebird Maxima
nissan,bluebird_sylphy,Bluebird Sylphy
nissan,caravan,Caravan
nissan,caravan_elgrand,Caravan Elgrand
nissan,cedric,Cedric
nissan,cedric_cima,Cedric Cima
nissan,cefiro,Cefiro
nissan,cherry,Cherry
nissan,cima,Cima
nissan,clipper,Clipper
nissan,crew,Crew
nissan,cube,Cube
nissan,cube_cubic,Cube Cubic
nissan,datsun,Datsun
nissan,dayz,DAYZ
nissan,dayz_roox,DAYZ Roox
nissan,dualis,Dualis
nissan,e-nv200,e-NV200
nissan,elgrand,Elgrand
nissan,exa,Exa
nissan,expert,Expert
nissan,fairlady_z,Fairlady Z
nissan,figaro,Figaro
nissan,frontier,Frontier
nissan,frontier_pro,Frontier Pro
nissan,fuga,Fuga
nissan,gloria,Gloria
nissan,gloria_cima,Gloria Cima
nissan,gt-r,GT-R
nissan,homy,Homy
nissan,homy_elgrand,Homy Elgrand
nissan,hypermini,Hypermini
nissan,juke,Juke
nissan,kait,Kait
nissan,kicks,Kicks
nissan,kix,Kix
nissan,lafesta,Lafesta
nissan,langley,Langley
nissan,lannia,Lannia
nissan,largo,Largo
nissan,latio,Latio
nissan,laurel,Laurel
nissan,laurel_spirit,Laurel Spirit
nissan,leaf,Leaf
nissan,leopard,Leopard
nissan,liberta_villa,Liberta Villa
nissan,liberty,Liberty
nissan,livina,Livina
nissan,lucino,Lucino
nissan,magnite,Magnite
nissan,march,March
nissan,march_box,March Box
nissan,maxima,Maxima
nissan,micra,Micra
nissan,micra_c_c,Micra C+C
nissan,mistral,Mistral
nissan,moco,Moco
nissan,murano,Murano
nissan,n6,N6
nissan,n7,N7
nissan,navara,Navara
nissan,navara_pro,Navara Pro
nissan,note,Note
nissan,np300,NP300
nissan,nv100_clipper,NV100 Clipper
nissan,nv200,NV200
nissan,nv300,NV300
nissan,nv350_caravan,NV350 Caravan
nissan,nx-coupe,NX-Coupe
nissan,nx8,NX8
nissan,otti,Otti
nissan,pao,Pao
nissan,pathfinder,Pathfinder
nissan,patrol,Patrol
nissan,pick-up,Pickup
nissan,pino,Pino
nissan,pixo,Pixo
nissan,prairie,Prairie
nissan,prairie_joy,Prairie Joy
nissan,presage,Presage
nissan,presea,Presea
nissan,president,President
nissan,primastar,Primastar
nissan,primera,Primera
nissan,primera_camino,Primera Camino
nissan,pulsar,Pulsar
nissan,qashqai,Qashqai
nissan,qashqai_2,Qashqai+2
nissan,quest,Quest
nissan,rasheen,Rasheen
nissan,rogue,Rogue
nissan,rogue_sport,Rogue Sport
nissan,roox,Roox
nissan,s-cargo,S-Cargo
nissan,safari,Safari
nissan,sakura,Sakura
nissan,sentra,Sentra
nissan,serena,Serena
nissan,silvia,Silvia
nissan,skyline,Skyline
nissan,skyline_crossover,Skyline Crossover
nissan,skyline_gt-r,Skyline GT-R
nissan,stagea,Stagea
nissan,stanza,Stanza
nissan,sunny,Sunny
nissan,sunny_california,Sunny California
nissan,sunny_rz-1,Sunny RZ-1
nissan,sylphy,Sylphy
nissan,teana,Teana
nissan,terra,Terra
nissan,terrano,Terrano
nissan,terrano_ii,Terrano II
nissan,terrano_regulus,Terrano Regulus
nissan,tiida,Tiida
nissan,tiida_latio,Tiida Latio
nissan,tino,Tino
nissan,titan,Titan
nissan,urvan,Urvan
nissan,vanette,Vanette
nissan,vanette_serena,Vanette Serena
nissan,versa,Versa
nissan,versa_note,Versa Note
nissan,violet,Violet
nissan,volkswagen_santana,Volkswagen Santana
nissan,wingroad,Wingroad
nissan,x-trail,X-Trail
nissan,xterra,Xterra
nissan,z,Z
baic,beijing_bj30,BJ30
baic,beijing_bj40,BJ40
baic,bj40_plus,BJ40 Plus
baic,bj41,BJ41
baic,beijing_bj60,BJ60
baic,bj60_thunder,BJ60 Thunder
baic,beijing_bj80,BJ80
baic,bj81,BJ81
baic,beijing_bj90,BJ90
baic,bjev_ex5,BJEV EX5
baic,eu5,EU5
baic,beijing_eu5_plus,EU5 Plus
baic,beijing_eu7,EU7
baic,eu8,EU8
baic,huansu_s6,Huansu S6
baic,jeep_2500,Jeep 2500
baic,beijing_rubics_cube,Rubics Cube
baic,ruixiang_x3,Ruixiang X3
baic,ruixiang_x5,Ruixiang X5
baic,senova_e_series,Senova E-Series
baic,senova_x55,Senova X55
baic,senova_zhixing,Senova Zhixing
baic,taitan_700,Taitan 700
baic,u5,U5
baic,u5_plus,U5 Plus
baic,u7,U7
baic,beijing_x3,X3
baic,x35,X35
baic,beijing_x5,X5
baic,x55,X55
baic,beijing_x7,X7
baic,x75,X75
senat,900,900
citroen,2cv,2CV
citroen,ami,Ami
citroen,berlingo,Berlingo
citroen,bx,BX
citroen,c-crosser,C-Crosser
citroen,c-elysee,C-Elysee
citroen,c-zero,C-Zero
citroen,c1,C1
citroen,c15,C15
citroen,c2,C2
citroen,c25,C25
citroen,c3,C3
citroen,c3_aircross,C3 Aircross
citroen,c3_picasso,C3 Picasso
citroen,c3-xr,C3-XR
citroen,c3l,C3L
citroen,c4,C4
citroen,c4_aircross,C4 Aircross
citroen,c4_cactus,C4 Cactus
citroen,c4_picasso,C4 Picasso
citroen,c4_spacetourer,C4 Spacetourer
citroen,c4_x,C4 X
citroen,c5,C5
citroen,c5_aircross,C5 Aircross
citroen,c5_x,C5 X
citroen,c6,C6
citroen,c8,C8
citroen,ds8,DS N°8
citroen,ds3,DS3
citroen,ds3_crossback,DS3 Crossback
citroen,ds4,DS4
citroen,ds4_cross,DS4 Cross
citroen,ds5,DS5
citroen,ds7,DS7
citroen,ds9,DS9
citroen,e-mehari,E-Mehari
citroen,evasion,Evasion
citroen,grand_c4_picasso,Grand C4 Picasso
citroen,grand_c4_spacetourer,Grand C4 Spacetourer
citroen,gs,GS
citroen,jumper,Jumper
citroen,jumpy,Jumpy
citroen,nemo,Nemo
citroen,saxo,Saxo
citroen,spacetourer,Spacetourer
citroen,visa,Visa
citroen,xantia,Xantia
citroen,xm,XM
citroen,xsara,Xsara
citroen,xsara_picasso,Xsara Picasso
citroen,zx,ZX
yutong,zk6119ha,ZK6119HA
yutong,zk6122h9,ZK6122H9
yutong,zk6129h,ZK6129H
yutong,zk6737d,ZK6737D
im_motors,l7,L7
im_motors,ls6,LS6
im_motors,ls7,LS7
im_motors,ls8,LS8
im_motors,ls9,LS9
jeland,c5,C5
jeland,j6,J6
jeland,j7,J7
jeland,j8,J8
dayun,pick-up,Pickup
dayun,yuanzhi_m1,Yuanzhi M1
dayun,yuehu,Yuehu
piaggio,porter,Porter
piaggio,vespa_400,Vespa 400
geely,atlas,Atlas
geely,atlas_pro,Atlas Pro
geely,azkarra,Azkarra
geely,binrui,Binrui
geely,binrui_cool,Binrui Cool
geely,binyue,Binyue
geely,binyue_cool,Binyue Cool
geely,binyue_l,Binyue L
geely,borui,Borui
geely,borui_ge,Borui GE
geely,boyue,Boyue
geely,boyue_cool,Boyue Cool
geely,boyue_l,Boyue L
geely,boyue_pro,Boyue Pro
geely,boyue_x,Boyue X
geely,cityray,Cityray
geely,ck,CK Otaka
geely,sx11,Coolray
geely,cowboy,Cowboy
geely,emgrand_iv,Emgrand
geely,emgrand,Emgrand EC7
geely,emgrand_ec8,Emgrand EC8
geely,emgrand_gl,Emgrand GL
geely,emgrand_gt,Emgrand GT
geely,emgrand_l,Emgrand L
geely,emgrand_s,Emgrand S
geely,ex7,Emgrand X7
geely,ex5,EX5
geely,ex5_em-i,EX5 EM-i
geely,farizon_fx,Farizon FX
geely,galaxy_a7,Galaxy A7
geely,galaxy_cruiser,Galaxy Cruiser 700
geely,galaxy_e5,Galaxy E5
geely,galaxy_e8,Galaxy E8
geely,galaxy_l380,Galaxy L380
geely,galaxy_l6,Galaxy L6
geely,galaxy_l7,Galaxy L7
geely,galaxy_m7,Galaxy M7
geely,galaxy_m9,Galaxy M9
geely,galaxy_star_6,Galaxy Starshine 6
geely,galaxy_star_7,Galaxy Starshine 7
geely,galaxy_starshine_8,Galaxy Starshine 8
geely,galaxy_starship_7,Galaxy Starship 7
geely,galaxy_tt,Galaxy TT
geely,gc6,GC6
geely,xingyuan,Geome Xingyuan
geely,ge11,Geometry A
geely,ge11_pro,Geometry A Pro
geely,geometry_c,Geometry C
geely,geometry_e,Geometry E
geely,geometry_g6,Geometry G6
geely,geometry_m6,Geometry M6
geely,geometry_panda_mini,Geometry Panda Mini
geely,gs,GS
geely,haoyue,Haoyue
geely,haoyue_l,Haoyue L
geely,haoyue_pro,Haoyue Pro
geely,icon,ICON
geely,jiaji,Jiaji
geely,ji_yue_01,Jiyue Robo 01
geely,jiyue_robo_07,Jiyue Robo 07
geely,lc_cross,LC Cross
geely,mk,MK
geely,mk_cross,MK Cross
geely,monjaro,Monjaro
geely,okavango,Okavango
geely,preface,Preface
geely,sc7,SC7
geely,sl,SL
geely,tugella,Tugella
geely,tx4,TX4
geely,vision,Vision FC
geely,vision_s1,Vision S1
geely,vision_x1,Vision X1
geely,vision_x3,Vision X3
geely,vision_x3_pro,Vision X3 Pro
geely,vision_x6,Vision X6
geely,vision_x6_pro,Vision X6 Pro
geely,xingrui,Xingrui
geely,xingyue,Xingyue
geely,xingyue_l,Xingyue L
geely,xingyue_s,Xingyue S
lynk_and_co,01,01
lynk_and_co,02,02
lynk_and_co,03,03
lynk_and_co,05,05
lynk_and_co,06,06
lynk_and_co,07,07
lynk_and_co,08,08
lynk_and_co,09,09
lynk_and_co,10,10
lynk_and_co,900,900
lynk_and_co,z10,Z10
lynk_and_co,z20,Z20
m-hero,i,I
m-hero,m817,M817
aurus,arsenal,Арсенал
aurus,komendant,Комендант
aurus,senat,Сенат
hummer,h1_alpha,H1
hummer,h2,H2
hummer,h3,H3
maxus,d60,D60
maxus,d90,D90
maxus,d90_pro,D90 Pro
maxus,dana_m1,Dana M1
maxus,dana_v1,Dana V1
maxus,eg10,EG10
maxus,euniq_5,EUNIQ 5
maxus,euniq_6,EUNIQ 6
maxus,g10,G10
maxus,g10_max,G10 Max
maxus,g20,G20
maxus,g20_plus,G20 Plus
maxus,g50,G50
maxus,g50_max,G50 Max
maxus,g50_plus,G50 Plus
maxus,g70,G70
maxus,g90,G90
maxus,interstellar_ev,Interstellar EV
maxus,interstellar_h,Interstellar H
maxus,interstellar_l,Interstellar L
maxus,interstellar_r,Interstellar R
maxus,interstellar_x,Interstellar X
maxus,interstellar_x_ev,Interstellar X EV
maxus,mifa_5,MIFA 5
maxus,mifa_6,MIFA 6
maxus,mifa_7,MIFA 7
maxus,mifa_9,MIFA 9
maxus,t60,T60
maxus,t70,T70
maxus,t90,T90
maxus,territory,Territory
maxus,v70,V70
icar,03,03
icar,03t,03T
icar,v23,V23
icar,v27,V27
saab,9-2x,9-2X
saab,9-3,9-3
saab,9-4x,9-4X
saab,9-5,9-5
saab,9-7x,9-7X
saab,90,90
saab,92,92
saab,93,93
saab,95,95
saab,96,96
saab,99,99
saab,900,900
saab,9000,9000
saab,sonett,Sonett
subaru,alcyone,Alcyone
subaru,ascent,Ascent
subaru,b9_tribeca,B9 Tribeca
subaru,baja,Baja
subaru,brat,Brat
subaru,brz,BRZ
subaru,chiffon,Chiffon
subaru,crosstrek,Crosstrek
subaru,dex,Dex
subaru,dias_wagon,Dias Wagon
subaru,domingo,Domingo
subaru,exiga,Exiga
subaru,exiga_crossover_7,Exiga Crossover 7
subaru,forester,Forester
subaru,getaway,Getaway
subaru,impreza,Impreza
subaru,impreza_wrx,Impreza WRX
subaru,impreza_wrx_sti,Impreza WRX STI
subaru,impreza_xv,Impreza XV
subaru,justy,Justy
subaru,layback,Layback
subaru,legacy,Legacy
subaru,legacy_b4,Legacy B4
subaru,legacy_lancaster,Legacy Lancaster
subaru,leone,Leone
subaru,levorg,Levorg
subaru,lucra,Lucra
subaru,outback,Outback
subaru,pleo,Pleo
subaru,pleo_plus,Pleo Plus
subaru,r1,R1
subaru,r2,R2
subaru,rex,Rex
subaru,sambar,Sambar
subaru,solterra,Solterra
subaru,stella,Stella
subaru,svx,SVX
subaru,trailseeker,Trailseeker
subaru,traviq,Traviq
subaru,trezia,Trezia
subaru,tribeca,Tribeca
subaru,uncharted,Uncharted
subaru,vivio,Vivio
subaru,xt,XT
subaru,xv,XV
fisker,karma,Karma
fisker,ocean,Ocean
opel,1200,1200
opel,1900,1900
opel,adam,Adam
opel,admiral,Admiral
opel,agila,Agila
opel,ampera,Ampera
opel,antara,Antara
opel,ascona,Ascona
opel,astra,Astra
opel,astra_family,Astra Family
opel,astra_gtc,Astra GTC
opel,calibra,Calibra
opel,campo,Campo
opel,cascada,Cascada
opel,combo,Combo
opel,commodore,Commodore
opel,corsa,Corsa
opel,crossland_x,Crossland
opel,diplomat,Diplomat
opel,frontera,Frontera
opel,grandland_x,Grandland X
opel,gt,GT
opel,insignia,Insignia
opel,kadett,Kadett
opel,kapitan,Kapitan
opel,karl,Karl
opel,manta,Manta
opel,meriva,Meriva
opel,mokka,Mokka
opel,monterey,Monterey
opel,monza,Monza
opel,olympia,Olympia
opel,omega,Omega
opel,p4,P4
opel,rekord,Rekord
opel,rocks-e,Rocks-e
opel,senator,Senator
opel,signum,Signum
opel,sintra,Sintra
opel,speedster,Speedster
opel,super_6,Super 6
opel,tigra,Tigra
opel,vectra,Vectra
opel,vita,Vita
opel,vivaro,Vivaro
opel,zafira,Zafira
opel,zafira_life,Zafira Life
liaz,4292,4292 Курсор
liaz,5256,5256
liaz,5292,5292
liaz,6213,6213
liaz,6274_electobus,6274 Электробус
dodge,aries,Aries
dodge,avenger,Avenger
dodge,caliber,Caliber
dodge,caravan,Caravan
dodge,challenger,Challenger
dodge,charger,Charger
dodge,dakota,Dakota
dodge,dart,Dart
dodge,durango,Durango
dodge,dynasty,Dynasty
dodge,grand_caravan,Grand Caravan
dodge,hornet,Hornet
dodge,intrepid,Intrepid
dodge,jc,JC
dodge,jcuv,JCUV
dodge,journey,Journey
dodge,magnum,Magnum
dodge,mirada,Mirada
dodge,neon,Neon
dodge,nitro,Nitro
dodge,omni,Omni
dodge,polara,Polara
dodge,raider,Raider
dodge,ram,Ram
dodge,ramcharger,Ramcharger
dodge,shadow,Shadow
dodge,spirit,Spirit
dodge,stealth,Stealth
dodge,stratus,Stratus
dodge,viper,Viper
zotye,coupa,Coupa
zotye,domy_x5,Domy X5
zotye,domy_x7,Domy X7
zotye,e200,E200
zotye,nomade,Nomade
zotye,sr9,SR9
zotye,t300,T300
zotye,t500,T500
zotye,t600,T600
zotye,t600_coupe,T600 Coupe
zotye,t700,T700
zotye,z100,Z100
zotye,z300,Z300
saipa,quick,Quick
saipa,saina,Saina
saipa,shahin,Shahin
saipa,tiba,Tiba
lexus,ct200h,CT200h
lexus,es200,ES200
lexus,es250,ES250
lexus,es260,ES260
lexus,es300,ES300
lexus,es300h,ES300h
lexus,es330,ES330
lexus,es350,ES350
lexus,es350e,ES350e
lexus,es350h,ES350h
lexus,es500e,ES500e
lexus,gs_f,GS F
lexus,gs200t,GS200t
lexus,gs250,GS250
lexus,gs300,GS300
lexus,gs300h,GS300h
lexus,gs350,GS350
lexus,gs400,GS400
lexus,gs430,GS430
lexus,gs450h,GS450h
lexus,gs460,GS460
lexus,gx460,GX460
lexus,gx470,GX470
lexus,gx550,GX550
lexus,gx550h,GX550h
lexus,hs250h,HS250h
lexus,is_f,IS F
lexus,is200,IS200
lexus,is200d,IS200d
lexus,is200t,IS200t
lexus,is220d,IS220d
lexus,is250,IS250
lexus,is250c,IS250C
lexus,is300,IS300
lexus,is300c,IS300C
lexus,is300h,IS300h
lexus,is350,IS350
lexus,is350c,IS350C
lexus,is500,IS500
lexus,lbx,LBX
lexus,lc500,LC500
lexus,lc500h,LC500h
lexus,lfa,LFA
lexus,lm300h,LM300h
lexus,lm350,LM350
lexus,lm350h,LM350h
lexus,lm500h,LM500h
lexus,ls350,LS350
lexus,ls400,LS400
lexus,ls430,LS430
lexus,ls460,LS460
lexus,ls460l,LS460L
lexus,ls500,LS500
lexus,ls500h,LS500h
lexus,ls600h,LS600h
lexus,ls600hl,LS600hL
lexus,lx450,LX450
lexus,lx450d,LX450d
lexus,lx470,LX470
lexus,lx500d,LX500d
lexus,lx570,LX570
lexus,lx600,LX600
lexus,lx700h,LX700h
lexus,nx200,NX200
lexus,nx200t,NX200t
lexus,nx250,NX250
lexus,nx260,NX260
lexus,nx300,NX300
lexus,nx300h,NX300h
lexus,nx350,NX350
lexus,nx350h,NX350h
lexus,nx400hplus,NX400h+
lexus,nx450hplus,NX450h+
lexus,rc_f,RC F
lexus,rc200t,RC200t
lexus,rc300,RC300
lexus,rc300h,RC300h
lexus,rc350,RC350
lexus,rx200t,RX200t
lexus,rx270,RX270
lexus,rx300,RX300
lexus,rx330,RX330
lexus,rx350,RX350
lexus,rx350h,RX350h
lexus,rx350l,RX350L
lexus,rx400h,RX400h
lexus,rx450h,RX450h
lexus,rx450hplus,RX450h+
lexus,rx450hl,RX450hL
lexus,rx500h,RX500h
lexus,rz300e,RZ300e
lexus,rz350e,RZ350e
lexus,rz450e,RZ450e
lexus,rz500e,RZ500e
lexus,rz550e,RZ550e
lexus,rz600e,RZ600e
lexus,sc300,SC300
lexus,sc400,SC400
lexus,sc430,SC430
lexus,tx350,TX350
lexus,tx500h,TX500h
lexus,tx550hplus,TX550h+
lexus,ux200,UX200
lexus,ux250h,UX250h
lexus,ux260h,UX260h
lexus,ux300e,UX300e
lexus,ux300h,UX300h
dongfeng,580,580
dongfeng,a9,A9
dongfeng,aeolus_a30,Aeolus A30
dongfeng,aeolus_a60,Aeolus A60
dongfeng,aeolus_ax3,Aeolus AX3
dongfeng,aeolus_ax4,Aeolus AX4
dongfeng,aeolus_ax5,Aeolus AX5
dongfeng,aeolus_ax7,Aeolus AX7
dongfeng,aeolus_ax7_plus,Aeolus AX7 Plus
dongfeng,aeolus_ax7_pro,Aeolus AX7 Pro
dongfeng,aeolus_e70,Aeolus E70
dongfeng,aeolus_haohan,Aeolus Haohan
dongfeng,aeolus_haoji,Aeolus Huge
dongfeng,sky_ev01,Aeolus Sky EV01
dongfeng,aeolus_yixuan,Aeolus Yixuan
dongfeng,aeolus_yixuan_gs,Aeolus Yixuan GS
dongfeng,aeolus_yixuan_max,Aeolus Yixuan Max
dongfeng,ax4,AX4
dongfeng,ax7,AX7
dongfeng,c-series,C-Series
dongfeng,df6,DF6
dongfeng,fengon_500,DFSK Fengon 500
dongfeng,fengon_ix5,DFSK Fengon ix5
dongfeng,fengon_ix7,DFSK Fengon ix7
dongfeng,e11k,E11K
dongfeng,ec36,EC36
dongfeng,ep_007,EP 007
dongfeng,ep_008,EP 008
dongfeng,fengon_370,Fengon 370
dongfeng,fengon_580,Fengon 580
dongfeng,fengon_580_pro,Fengon 580 Pro
dongfeng,fengon_e3,Fengon e3
dongfeng,fengon_mini_ev,Fengon Mini EV
dongfeng,fengon_s560,Fengon S560
dongfeng,h30_cross,H30 Cross
dongfeng,huge,Huge
dongfeng,k33-561,K33-561
dongfeng,landian_e5,Landian E5
dongfeng,landian_e5_plus,Landian E5 Plus
dongfeng,mage,Mage
dongfeng,mengshi_ms600,Mengshi MS600
dongfeng,mpv,MPV
dongfeng,nammi_01,Nammi 01
dongfeng,nammi_06,Nammi 06
dongfeng,ex1,Nano EX1
dongfeng,oting,Oting
dongfeng,rich,Rich
dongfeng,rich_6,Rich 6
dongfeng,rich_7,Rich 7
dongfeng,s30,S30
dongfeng,shine_gs,Shine GS
dongfeng,shine_max,Shine Max
dongfeng,z9,Z9
geo,metro,Metro
geo,prizm,Prizm
geo,storm,Storm
geo,tracker,Tracker
barkas,b1000,B1000
pontiac,6000,6000
pontiac,aztek,Aztek
pontiac,bonneville,Bonneville
pontiac,fiero,Fiero
pontiac,firebird,Firebird
pontiac,g6,G6
pontiac,grand_am,Grand Am
pontiac,grand_prix,Grand Prix
pontiac,gto,GTO
pontiac,lemans,Lemans
pontiac,montana,Montana
pontiac,solstice,Solstice
pontiac,sunbird,Sunbird
pontiac,sunfire,Sunfire
pontiac,torrent,Torrent
pontiac,trans_sport,Trans Sport
pontiac,vibe,Vibe
pontiac,wave,Wave
saturn,astra,Astra
saturn,aura,Aura
saturn,ion,Ion
saturn,l-series,L-Series
saturn,outlook,Outlook
saturn,relay,Relay
saturn,s-series,S-Series
saturn,sky,Sky
saturn,vue,Vue
changhe,ideal,Ideal
raf,977,977
raf,2203,2203
vgv,s6,Bolden S6
vgv,bolden_s7,Bolden S7
vgv,s9,Bolden S9
vgv,u70,U70
vgv,u70_pro,U70 Pro
vgv,u75_plus,U75 Plus
vgv,vx7,VX7
borgward,bx3,BX3
borgward,bx5,BX5
borgward,bx6,BX6
borgward,bx7,BX7
kamaz,4308,4308
kamaz,4310,4310
kamaz,4326,4326
kamaz,4528,4528
kamaz,43114,43114
kamaz,43118,43118
kamaz,43253,43253
kamaz,43255,43255
kamaz,43502,43502
kamaz,44108,44108
kamaz,45141,45141
kamaz,45143,45143
kamaz,45144,45144
kamaz,52222,52222 Электробус
kamaz,5308,5308
kamaz,5320,5320
kamaz,5350,5350
kamaz,5410,5410
kamaz,5460,5460
kamaz,5490,5490
kamaz,5511,5511
kamaz,53205,53205
kamaz,53212,53212
kamaz,53213,53213
kamaz,53215,53215
kamaz,53228,53228
kamaz,53229,53229
kamaz,53504,53504
kamaz,53605,53605
kamaz,54112,54112
kamaz,54115,54115
kamaz,54901,54901
kamaz,54902,54902
kamaz,55102,55102
kamaz,55111,55111
kamaz,6250,6250
kamaz,6460,6460
kamaz,6520,6520
kamaz,6522,6522
kamaz,6540,6540
kamaz,6560,6560
kamaz,6580,6580
kamaz,6595,6595
kamaz,6282,6282 Электробус
kamaz,63501,63501
kamaz,65111,65111
kamaz,65115,65115
kamaz,65116,65116
kamaz,65117,65117
kamaz,65201,65201
kamaz,65206,65206
kamaz,65207,65207
kamaz,65209,65209
kamaz,65221,65221
kamaz,65222,65222
kamaz,65224,65224
kamaz,65225,65225
kamaz,65658,65658
kamaz,65659,65659
kamaz,65801,65801
kamaz,65802,65802
kamaz,65806,65806
kamaz,65954,65954
kamaz,kompas-12,Компас-12
kamaz,kompas-5,Компас-5
kamaz,kompas-9,Компас-9
pagani,huayra,Huayra
pagani,zonda,Zonda
suzuki,across,Across
suzuki,aerio,Aerio
suzuki,alivio,Alivio
suzuki,alto,Alto
suzuki,alto_lapin,Alto Lapin
suzuki,baleno,Baleno
suzuki,cappuccino,Cappuccino
suzuki,cara,Cara
suzuki,carry_van,Carry Van
suzuki,celerio,Celerio
suzuki,cervo,Cervo
suzuki,ciaz,Ciaz
suzuki,cultus,Cultus
suzuki,e_every,e Every
suzuki,e_vitara,e Vitara
suzuki,eeco,Eeco
suzuki,equator,Equator
suzuki,ertiga,Ertiga
suzuki,escudo,Escudo
suzuki,esteem,Esteem
suzuki,every,Every
suzuki,forenza,Forenza
suzuki,fronte,Fronte
suzuki,fronx,Fronx
suzuki,grand_escudo,Grand Escudo
suzuki,grand_vitara,Grand Vitara
suzuki,grand_vitara_xl-7,Grand Vitara XL-7
suzuki,hustler,Hustler
suzuki,ignis,Ignis
suzuki,jimny,Jimny
suzuki,jimny_sierra,Jimny Sierra
suzuki,jimny_wide,Jimny Wide
suzuki,kei,Kei
suzuki,kizashi,Kizashi
suzuki,landy,Landy
suzuki,liana,Liana
suzuki,mighty_boy,Mighty Boy
suzuki,mr_wagon,MR Wagon
suzuki,palette,Palette
suzuki,reno,Reno
suzuki,s-cross,S-Cross
suzuki,s-presso,S-Presso
suzuki,samurai,Samurai
suzuki,sidekick,Sidekick
suzuki,solio,Solio
suzuki,spacia,Spacia
suzuki,splash,Splash
suzuki,swace,Swace
suzuki,swift,Swift
suzuki,swift_plus,Swift+
suzuki,sx4,SX4
suzuki,twin,Twin
suzuki,verona,Verona
suzuki,vitara,Vitara
suzuki,wagon_r,Wagon R
suzuki,wagon_r_plus,Wagon R Plus
suzuki,wagon_r_smile,Wagon R Smile
suzuki,wagon_r_solio,Wagon R Solio
suzuki,wagon_r_wide,Wagon R Wide
suzuki,works,Works
suzuki,x-90,X-90
suzuki,xbee,Xbee
suzuki,xl7,XL7
volkswagen,amarok,Amarok
volkswagen,arteon,Arteon
volkswagen,atlas,Atlas
volkswagen,atlas_cross_sport,Atlas Cross Sport
volkswagen,beetle,Beetle
volkswagen,bora,Bora
volkswagen,c_trek,C-Trek
volkswagen,caddy,Caddy
volkswagen,california,California
volkswagen,caravelle,Caravelle
volkswagen,corrado,Corrado
volkswagen,eos,Eos
volkswagen,fox,Fox
volkswagen,golf,Golf
volkswagen,country,Golf Country
volkswagen,golf_plus,Golf Plus
volkswagen,golf_sportsvan,Golf Sportsvan
volkswagen,id3,ID.3
volkswagen,id4,ID.4
volkswagen,id4_crozz,ID.4 Crozz
volkswagen,id4_x,ID.4 X
volkswagen,id5,ID.5
volkswagen,id6_crozz,ID.6 Crozz
volkswagen,id6_x,ID.6 X
volkswagen,id7,ID.7
volkswagen,idbuzz,ID.Buzz
volkswagen,idcross,ID.Cross
volkswagen,idera_9x,ID.Era 9X
volkswagen,id_unix,ID.Unyx
volkswagen,id_unyx_08,ID.Unyx 08
volkswagen,jetta,Jetta
volkswagen,k70,K70
volkswagen,kaefer,Kaefer
volkswagen,lamando,Lamando
volkswagen,lamando_l,Lamando L
volkswagen,lavida,Lavida
volkswagen,lavida_xr,Lavida XR
volkswagen,lupo,Lupo
volkswagen,magotan,Magotan
volkswagen,multivan,Multivan
volkswagen,passat,Passat
volkswagen,passat_cc,Passat CC
volkswagen,passat_pro,Passat Pro
volkswagen,phaeton,Phaeton
volkswagen,phideon,Phideon
volkswagen,pointer,Pointer
volkswagen,polo,Polo
volkswagen,rabbit,Rabbit
volkswagen,routan,Routan
volkswagen,sagitar,Sagitar
volkswagen,sagitar_l,Sagitar L
volkswagen,santana,Santana
volkswagen,saveiro,Saveiro
volkswagen,scirocco,Scirocco
volkswagen,sharan,Sharan
volkswagen,t-cross,T-Cross
volkswagen,t-roc,T-Roc
volkswagen,tacqua,Tacqua
volkswagen,taigo,Taigo
volkswagen,talagon,Talagon
volkswagen,taos,Taos
volkswagen,tavendor,Tavendor
volkswagen,tayron,Tayron
volkswagen,tayron_l,Tayron L
volkswagen,tayron_x,Tayron X
volkswagen,teramont,Teramont
volkswagen,teramont_pro,Teramont Pro
volkswagen,teramont_x,Teramont X
volkswagen,tharu,Tharu
volkswagen,tharu_xr,Tharu XR
volkswagen,tiguan,Tiguan
volkswagen,tiguan_allspace,Tiguan Allspace
volkswagen,tiguan_l,Tiguan L
volkswagen,tiguan_l_epro,Tiguan L ePro
volkswagen,tiguan_x,Tiguan X
volkswagen,touareg,Touareg
volkswagen,touran,Touran
volkswagen,touran_l,Touran L
volkswagen,transporter,Transporter
volkswagen,type_2,Type 2
volkswagen,up,up!
volkswagen,vento,Vento
volkswagen,viloran,Viloran
volkswagen,xl1,XL1
qiantu,k50,K50
marussia,b1,B1
marussia,b2,B2
jeep,avenger,Avenger
jeep,cherokee,Cherokee
jeep,commander,Commander
jeep,compass,Compass
jeep,gladiator,Gladiator
jeep,grand_cherokee,Grand Cherokee
jeep,grand_commander,Grand Commander
jeep,grand_wagoneer,Grand Wagoneer
jeep,liberty,Liberty
jeep,patriot,Patriot
jeep,renegade,Renegade
jeep,wagoneer,Wagoneer
jeep,wrangler,Wrangler
ldv,convoy,Convoy
ldv,maxus,Maxus
haval,big_dog,Big Dog DaGou
haval,chitu,Chitu
haval,cool_dog,Cool Dog KuGou
haval,dargo,Dargo
haval,f5,F5
haval,f7,F7
haval,f7x,F7x
haval,h10,Great Wall H10
haval,h_dog,H-Dog
haval,h1,H1
haval,h2,H2
haval,h2s,H2s
haval,h3,H3
haval,h4,H4
haval,h4_pro,H4 Pro
haval,h5,H5
haval,h6,H6
haval,h6_coupe,H6 Coupe
haval,h6l,H6L
haval,h6s,H6S
haval,h7,H7
haval,h8,H8
haval,h9,H9
haval,jolion,Jolion
haval,m6,M6
haval,m6_plus,M6 Plus
haval,raptor,Raptor
haval,shenshou,Shenshou
haval,xiaolong,Xiaolong
haval,xiaolong_max,Xiaolong Max
asia,rocsta,Rocsta
ford,aerostar,Aerostar
ford,aspire,Aspire
ford,b-max,B-MAX
ford,bronco,Bronco
ford,bronco_2,Bronco II
ford,bronco_sport,Bronco Sport
ford,c-max,C-MAX
ford,capri,Capri
ford,contour,Contour
ford,cougar,Cougar
ford,crown_victoria,Crown Victoria
ford,econovan,Econovan
ford,ecosport,EcoSport
ford,edge,Edge
ford,eifel,Eifel
ford,equator,Equator
ford,equator_sport,Equator Sport
ford,escape,Escape
ford,escort,Escort
ford,everest,Everest
ford,evos,Evos
ford,excursion,Excursion
ford,expedition,Expedition
ford,explorer,Explorer
ford,explorer_ev,Explorer EV
ford,explorer_sport_trac,Explorer Sport Trac
ford,f150,F150
ford,f250,F250
ford,f350,F350
ford,f450,F450
ford,fairlane,Fairlane
ford,festiva,Festiva
ford,fiesta,Fiesta
ford,five_hundred,Five Hundred
ford,flex,Flex
ford,focus,Focus
ford,focus_rs,Focus RS
ford,focus_st,Focus ST
ford,freda,Freda
ford,freestar,Freestar
ford,freestyle,Freestyle
ford,fusion,Fusion
ford,galaxie,Galaxie
ford,galaxy,Galaxy
ford,granada,Granada
ford,grand_c_max,Grand C-MAX
ford,gt,GT
ford,ixion,Ixion
ford,ka,Ka
ford,kuga,Kuga
ford,laser,Laser
ford,ltd_crown_victoria,LTD Crown Victoria
ford,maverick,Maverick
ford,model_t,Model T
ford,mondeo,Mondeo
ford,mondeo_sport,Mondeo Sport
ford,mustang,Mustang
ford,mustang_mach_e,Mustang Mach-E
ford,orion,Orion
ford,probe,Probe
ford,puma,Puma
ford,ranger,Ranger
ford,s-max,S-MAX
ford,scorpio,Scorpio
ford,sierra,Sierra
ford,spectron,Spectron
ford,sportka,SportKa
ford,streetka,StreetKa
ford,taurus,Taurus
ford,telstar,Telstar
ford,tempo,Tempo
ford,territory,Territory
ford,think,Th!nk
ford,thunderbird,Thunderbird
ford,torino,Torino
ford,tourneo,Tourneo
ford,tourneo_connect,Tourneo Connect
ford,tourneo_courier,Tourneo Courier
ford,tourneo_custom,Tourneo Custom
ford,v8,V8
ford,windstar,Windstar
cupra,ateca,Ateca
cupra,born,Born
cupra,formentor,Formentor
cupra,leon,Leon
cupra,tavascan,Tavascan
cupra,terramar,Terramar
wey,03,03
wey,05,05
wey,07,07
wey,80,80
wey,coffee_01,Coffee 01
wey,gaoshan,Gaoshan
wey,lanshan,Lanshan
wey,latte,Latte
wey,macchiato,Macchiato
wey,mocha,Mocha
wey,p8,P8
wey,v8x,V8X
wey,v9x,V9X
wey,vv5,VV5
wey,vv6,VV6
wey,vv7,VV7
maextro,s800,S800
tesla,cybertruck,Cybertruck
tesla,model_3,Model 3
tesla,model_s,Model S
tesla,model_x,Model X
tesla,model_y,Model Y
tesla,roadster,Roadster
mini,aceman,Aceman
mini,cabrio,Cabrio
mini,classic,Classic
mini,clubman,Clubman
mini,countryman,Countryman
mini,coupe-model,Coupe
mini,crossover,Crossover
mini,hatch,Hatch
mini,paceman,Paceman
mini,roadster,Roadster
mitsuoka,buddy,Buddy
mitsuoka,galue,Galue
mitsuoka,galue_classic,Galue Classic
mitsuoka,galue-iii,Galue Convertible
mitsuoka,galue204,Galue204
mitsuoka,himiko,Himiko
mitsuoka,le-seyde,Le-Seyde
mitsuoka,like,Like
mitsuoka,m55,M55
mitsuoka,micro_car,Micro Car
mitsuoka,nouera,Nouera
mitsuoka,orochi,Orochi
mitsuoka,ray,Ray
mitsuoka,rock_star,Rock Star
mitsuoka,ryoga,Ryoga
mitsuoka,ryugi,Ryugi
mitsuoka,viewt,Viewt
mitsuoka,yuga,Yuga
mitsuoka,zero_1,Zero 1
rover,25,25
rover,200,200
rover,45,45
rover,400,400
rover,75,75
rover,600,600
rover,800,800
rover,streetwise,Streetwise
fiat,124,124
fiat,124_spider,124 Spider
fiat,125,125
fiat,128,128
fiat,500,500
fiat,500x,500X
fiat,600,600
fiat,albea,Albea
fiat,brava,Brava
fiat,bravo,Bravo
fiat,coupe-model,Coupe
fiat,croma,Croma
fiat,doblo,Doblo
fiat,freemont,Freemont
fiat,fullback,Fullback
fiat,grande_punto,Grande Punto
fiat,linea,Linea
fiat,multipla,Multipla
fiat,palio,Palio
fiat,panda,Panda
fiat,punto,Punto
fiat,qubo,Qubo
fiat,regata,Regata
fiat,ritmo,Ritmo
fiat,scudo,Scudo
fiat,sedici,Sedici
fiat,seicento,Seicento
fiat,stilo,Stilo
fiat,strada,Strada
fiat,talento,Talento
fiat,tipo,Tipo
fiat,ulysse,Ulysse
fiat,uno,Uno
omoda,c5,C5
omoda,c7,C7
omoda,s5,S5
omoda,s5_gt,S5 GT
great_wall,coolbear,Coolbear
great_wall,cowry,Cowry
great_wall,florid,Florid
great_wall,hover,Hover
great_wall,hover_h3,Hover H3
great_wall,hover_h5,Hover H5
great_wall,hover_h6,Hover H6
great_wall,hover_m2,Hover M2
great_wall,hover_m4,Hover M4
great_wall,pao,Pao
great_wall,peri,Peri
great_wall,poer,Poer
great_wall,poer_kingkong,Poer KingKong
great_wall,safe,Safe
great_wall,sailor,Sailor
great_wall,shanhai_poer,Shanhai Poer
great_wall,sing,Sing
great_wall,voleex_c30,Voleex c30
great_wall,wingle,Wingle
great_wall,wingle_7,Wingle 7
hozon,neta_aya,Neta Aya
hozon,neta_gt,Neta GT
hozon,neta_l,Neta L
hozon,neta_n01,Neta N01
hozon,neta_s,Neta S
hozon,neta_u,Neta U
hozon,neta_u-ii,Neta U-II
hozon,neta_v,Neta V
hozon,neta_x,Neta X
skywell,et5,ET5
skywell,ht-i,HT-i
skywell,skyworth_ev6,Skyworth EV6
aro,24,24
lancia,dedra,Dedra
lancia,delta,Delta
lancia,thema,Thema
ram,1500,1500
ram,2500,2500
ram,3500,3500
mazda,121,121
mazda,1500,1500
mazda,323,323
mazda,323c,323C
mazda,323f,323F
mazda,616,616
mazda,626,626
mazda,818,818
mazda,929,929
mazda,atenza,Atenza
mazda,autozam_az-1,Autozam AZ-1
mazda,autozam_az-3,Autozam AZ-3
mazda,autozam_clef,Autozam Clef
mazda,axela,Axela
mazda,az-offroad,AZ-Offroad
mazda,az-wagon,AZ-Wagon
mazda,b-series,B-Series
mazda,biante,Biante
mazda,bongo,Bongo
mazda,bongo_brawny,Bongo Brawny
mazda,bongo_friendee,Bongo Friendee
mazda,bt-50,BT-50
mazda,capella,Capella
mazda,carol,Carol
mazda,chantez,Chantez
mazda,cosmo,Cosmo
mazda,cronos,Cronos
mazda,cx-3,CX-3
mazda,cx-30,CX-30
mazda,cx-4,CX-4
mazda,cx-5,CX-5
mazda,cx-50,CX-50
mazda,cx-60,CX-60
mazda,cx-6e,CX-6e
mazda,cx-7,CX-7
mazda,cx-70,CX-70
mazda,cx-8,CX-8
mazda,cx-80,CX-80
mazda,cx-9,CX-9
mazda,cx-90,CX-90
mazda,demio,Demio
mazda,efini_mpv,Efini MPV
mazda,efini_ms-6,Efini MS-6
mazda,efini_ms-8,Efini MS-8
mazda,efini_ms-9,Efini MS-9
mazda,efini_rx-7,Efini RX-7
mazda,etude,Etude
mazda,eunos_100,Eunos 100
mazda,eunos_300,Eunos 300
mazda,eunos_500,Eunos 500
mazda,eunos_800,Eunos 800
mazda,eunos_cargo,Eunos Cargo
mazda,eunos_cosmo,Eunos Cosmo
mazda,eunos_presso,Eunos Presso
mazda,eunos_roadster,Eunos Roadster
mazda,ez-6,EZ-6
mazda,ez-60,EZ-60
mazda,familia,Familia
mazda,familia_s-wagon,Familia S-Wagon
mazda,flair,Flair
mazda,flair_crossover,Flair Crossover
mazda,flairwagon,Flair Wagon
mazda,grandfamilia,Grand Familia
mazda,lantis,Lantis
mazda,laputa,Laputa
mazda,luce,Luce
mazda,mazda2,Mazda2
mazda,mazda3,Mazda3
mazda,mazda3_mps,Mazda3 MPS
mazda,mazda5,Mazda5
mazda,mazda6,Mazda6
mazda,mazda6_mps,Mazda6 MPS
mazda,mazda6e,Mazda6e
mazda,mazda8,Mazda8
mazda,miata,Miata
mazda,millenia,Millenia
mazda,mpv,MPV
mazda,mx-3,MX-3
mazda,mx-30,MX-30
mazda,mx-5,MX-5
mazda,mx-6,MX-6
mazda,navajo,Navajo
mazda,persona,Persona
mazda,premacy,Premacy
mazda,proceed,Proceed
mazda,proceed_levante,Proceed Levante
mazda,proceed_marvie,Proceed Marvie
mazda,protege,Protege
mazda,revue,Revue
mazda,roadpacer,Roadpacer
mazda,roadster,Roadster
mazda,rx-5,RX-5
mazda,rx-7,RX-7
mazda,rx-8,RX-8
mazda,savanna,Savanna
mazda,savanna_rx-7,Savanna RX-7
mazda,scrum,Scrum
mazda,sentia,Sentia
mazda,spiano,Spiano
mazda,tribute,Tribute
mazda,verisa,Verisa
mazda,xedos_6,Xedos 6
mazda,xedos_9,Xedos 9
morgan,plus_4,Plus 4
stelato,g9,G9
stelato,s9,S9
kenworth,t800,T800
renault_samsung,qm3,QM3
renault_samsung,qm5,QM5
renault_samsung,qm6,QM6
renault_samsung,sm3,SM3
renault_samsung,sm3_ze,SM3 Z.E.
renault_samsung,sm5,SM5
renault_samsung,sm6,SM6
renault_samsung,sm7,SM7
renault_samsung,xm3,XM3
baw,ace_m7,Ace M7
baw,bj212,BJ 212
baw,calorie,Calorie
baw,leichi,Leichi
baw,luba,Luba
baw,mpv,MPV
baw,007,Yusheng 007
scion,fr-s,FR-S
scion,ia,iA
scion,im,iM
scion,iq,iQ
scion,tc,tC
scion,xa,xA
scion,xb,xB
scion,xd,xD
bedford,cf,CF
uaz,469,469
uaz,3151,3151
uaz,3153,3153
uaz,3159,3159
uaz,3160,3160
uaz,patriot,Патриот
uaz,3164,Патриот Спорт
uaz,pick-up,Пикап
uaz,simbir,Симбир
uaz,hunter,Хантер
uaz,buhanka,УАЗ Буханка
voyah,courage,Courage
voyah,dreamer,Dream
voyah,dream_plus,Dream Plus
voyah,free,Free
voyah,free_plus,Free Plus
voyah,passion_ev,Passion EV
voyah,passion,Passion EVR
voyah,passion_l,Passion L
voyah,taishan_l9,Taishan
voyah,taishan_x8,Taishan X8
ikarus,250,250
ikarus,256,256
dacia,bigster,Bigster
dacia,duster,Duster
dacia,lodgy,Lodgy
dacia,lodgy_stepway,Lodgy Stepway
dacia,logan,Logan
dacia,logan_mcv,Logan MCV
dacia,logan_mcv_stepway,Logan MCV Stepway
dacia,logan_pick-up,Logan Pick-Up
dacia,sandero,Sandero
dacia,sandero_stepway,Sandero Stepway
dacia,spring,Spring
dacia,stiker,Stiker
dacia,dokker,Dacia Dokker
seres,m5,M5
seres,m7,M7
seres,m9,M9
seres,sf5,SF5
polestar,1,1
polestar,2,2
polestar,3,3
polestar,4,4
perodua,alza,Alza
perodua,aruz,Aruz
perodua,ativa,Ativa
perodua,axia,Axia
perodua,bezza,Bezza
perodua,myvi,Myvi
perodua,traz,Traz
daf,95_4x2,95 4x2
daf,95_6x2,95 6x2
daf,95_8x4,95 8x4
daf,cf_4x2,CF 4x2
daf,cf_6x2,CF 6x2
daf,cf_6x4,CF 6x4
daf,cf_8x2,CF 8x2
daf,cf_8x4,CF 8x4
daf,lf,LF
daf,xf_4x2,XF 4x2
daf,xf_6x2,XF 6x2
daf,xf_6x4,XF 6x4
daf,xf_8x2,XF 8x2
daf,xf_8x4,XF 8x4
tank,300,300
tank,400,400
tank,500,500
tank,700,700
chery,amulet,Amulet A15
chery,arrizo_3,Arrizo 3
chery,arrizo_5,Arrizo 5
chery,arrizo_5_gt,Arrizo 5 GT
chery,arrizo_5_plus,Arrizo 5 Plus
chery,arrizo_5_pro,Arrizo 5 Pro
chery,arrizo_5e,Arrizo 5e
chery,arrizo_6,Arrizo 6
chery,arrizo_6_pro,Arrizo 6 Pro
chery,arrizo_7,Arrizo 7
chery,arrizo_8,Arrizo 8
chery,arrizo_8_pro,Arrizo 8 Pro
chery,arrizo_ex,Arrizo EX
chery,arrizo_gx,Arrizo GX
chery,arrizo_m7,Arrizo M7
chery,beat,Beat
chery,eq5,Big Ant eQ5
chery,a19,Bonus 3 - A19
chery,bonus,Bonus A13
chery,crosseastar,CrossEastar
chery,e5,E5
chery,eastar_b11,Eastar
chery,eq1,eQ1
chery,eq7,eQ7
chery,explore_06,Explore 06
chery,fora,Fora A21
chery,fulwin_a8,Fulwin A8
chery,fulwin_a8l,Fulwin A8L
chery,fulwin_a9,Fulwin A9
chery,fulwin_a9l,Fulwin A9L
chery,fulwin_t10,Fulwin T10
chery,fulwin_t11,Fulwin T11
chery,fulwin_t6,Fulwin T6
chery,fulwin_t8,Fulwin T8
chery,fulwin_t8l,Fulwin T8L
chery,fulwin_t9,Fulwin T9
chery,fulwin_t9l,Fulwin T9L
chery,fulwin_x3,Fulwin X3
chery,fulwin_x3_plus,Fulwin X3 Plus
chery,fulwin_x3l,Fulwin X3L
chery,indis,indiS S18D
chery,kimo,Kimo A1
chery,little_ant,Little Ant
chery,m11,M11
chery,omoda_5,Omoda 5
chery,b11,Oriental Son
chery,qq_domi,QQ Domi
chery,qq_ice_cream,QQ Ice Cream
chery,qq,QQ Sweet
chery,qq3,QQ3
chery,qq6_s21,QQ6 S21
chery,tiggo_2,Tiggo 2
chery,tiggo_2_pro,Tiggo 2 Pro
chery,tiggo_3,Tiggo 3
chery,tiggo_3x,Tiggo 3x
chery,tiggo_3xe,Tiggo 3xe
chery,tiggo_4,Tiggo 4
chery,tiggo_4_pro,Tiggo 4 Pro
chery,tiggo_5,Tiggo 5
chery,tiggo_5x,Tiggo 5x
chery,tiggo_7,Tiggo 7
chery,tiggo_7_plus,Tiggo 7 Plus
chery,tiggo_7_pro,Tiggo 7 Pro
chery,tiggo_7_pro_max,Tiggo 7 Pro Max
chery,tiggo_7_pro_plug-in-hybrid,Tiggo 7 Pro Plug-In-Hybrid
chery,tiggo_7l,Tiggo 7L
chery,tiggo_8,Tiggo 8
chery,tiggo_8_plus,Tiggo 8 Plus
chery,tiggo_8_pro,Tiggo 8 Pro
chery,tiggo_8_pro_e_plus_hybrid,Tiggo 8 Pro e+ Hybrid
chery,tiggo_8_pro_max,Tiggo 8 Pro Max
chery,tiggo_8_pro_plug-in-hybrid,Tiggo 8 Pro Plug-In-Hybrid
chery,tiggo_8l,Tiggo 8L
chery,tiggo_9,Tiggo 9
chery,tiggo_9x,Tiggo 9X
chery,tiggo_e,Tiggo e
chery,tiggo,Tiggo T11
chery,very,Very A13
chery,x1,X1
bremach,t-rex,T-Rex
huanghai,antelope,Antelope
huanghai,landscape_f1,Landscape F1
huanghai,n2,N2
huanghai,n3,N3
huanghai,n7,N7
huanghai,plutus,Plutus
moskvitch,3,3
moskvitch,3e,3е
moskvitch,5,5
moskvitch,6,6
moskvitch,8,8
moskvitch,400,400
moskvitch,401,401
moskvitch,402,402
moskvitch,403,403
moskvitch,407,407
moskvitch,408,408
moskvitch,410,410
moskvitch,411,411
moskvitch,412,412
moskvitch,426,426
moskvitch,2137,2137
moskvitch,2138,2138
moskvitch,2140,2140
moskvitch,2141,2141
moskvitch,2335,2335
moskvitch,m70,M70
moskvitch,m90,M90
spyker,c8,C8
maybach,57,57
maybach,62,62
hongqi,e-hs3,E-HS3
hongqi,e-hs9,E-HS9
hongqi,e-qm5,E-QM5
hongqi,eh7,EH7
hongqi,g919,G919
hongqi,guoya,Guoya
hongqi,h5,H5
hongqi,h6,H6
hongqi,h7,H7
hongqi,h9,H9
hongqi,hq9,HQ9
hongqi,hs3,HS3
hongqi,hs5,HS5
hongqi,hs6,HS6
hongqi,hs7,HS7
hongqi,hs9,HS9
hongqi,l5,L5 Guoli
hongqi,ls7,LS7
hongqi,tiangong_05,Tiangong 05
hongqi,tiangong_06,Tiangong 06
hongqi,tiangong_08,Tiangong 08
xiaomi,su7,SU7
xiaomi,yu7,YU7
umo,5,5
umo,8,8
graham_paige,standart_6,Standart 6
hudson,terraplane,Terraplane
